Bird_ID,Species,Origin,Destination,Migration_Success
B1016,Eagle,"58.927682, -136.924572","31.469676, -72.766576",Successful
B1020,Eagle,"69.354000, -136.630529","23.690289, -98.459697",Successful
B1021,Eagle,"50.201602, -119.211193","30.884662, -82.653006",Successful
B1028,Eagle,"58.859183, -131.745394","37.972119, -124.737980",Failed
B1040,Eagle,"65.903434, -140.156480","38.333484, -72.012034",Failed
B1041,Eagle,"58.295145, -122.397026","22.905144, -95.112369",Failed
B1043,Eagle,"53.528718, -72.607192","27.921127, -102.963327",Failed
B1060,Eagle,"51.183995, -84.032087","30.740847, -75.801099",Successful
B1076,Eagle,"46.043723, -92.456576","34.752025, -85.558189",Successful
B1082,Eagle,"46.368179, -99.001106","34.653996, -73.479024",Successful
B1083,Eagle,"46.570146, -85.120696","37.148179, -76.733128",Successful
B1084,Eagle,"59.979340, -130.168070","29.518104, -88.010599",Failed
B1087,Eagle,"48.596325, -88.753199","30.955776, -75.047799",Successful
B1095,Eagle,"68.418344, -132.571187","34.349257, -98.138277",Failed
B1097,Eagle,"56.556366, -127.571617","28.406465, -94.748401",Failed
B1100,Eagle,"58.598914, -126.529281","27.419773, -101.444640",Successful
B1104,Eagle,"62.432198, -147.514776","33.956652, -77.088850",Successful
B1147,Eagle,"67.253108, -147.778472","34.429478, -90.959078",Failed
B1151,Eagle,"50.815796, -77.208377","44.912841, -123.022631",Failed
B1158,Eagle,"69.513464, -145.625826","39.848328, -76.034444",Successful
B1165,Eagle,"54.571481, -77.927835","38.463646, -77.788066",Successful
B1182,Eagle,"52.412661, -89.598879","38.963912, -70.450713",Failed
B1195,Eagle,"54.681170, -68.708922","33.188878, -70.314960",Failed
B1200,Eagle,"47.953951, -86.971286","23.649017, -96.757501",Failed
B1203,Eagle,"44.177612, -96.019076","29.421237, -87.413671",Failed
B1209,Eagle,"53.935561, -121.411479","38.931749, -124.190307",Successful
B1210,Eagle,"43.407291, -88.502399","32.302699, -83.320364",Failed
B1217,Eagle,"47.964716, -81.606359","25.466449, -100.335335",Failed
B1222,Eagle,"61.702554, -142.161790","36.429279, -123.910095",Successful
B1229,Eagle,"59.221334, -153.470427","39.099751, -121.503618",Failed
B1232,Eagle,"52.826541, -124.204112","36.275122, -120.861184",Successful
B1240,Eagle,"54.657930, -124.380464","36.188719, -79.537662",Successful
B1244,Eagle,"54.632924, -111.417064","35.263610, -122.611173",Successful
B1249,Eagle,"47.025410, -94.213879","39.570069, -120.398202",Failed
B1262,Eagle,"45.698017, -101.216770","40.097537, -124.627601",Successful
B1268,Eagle,"48.257672, -87.897038","27.351995, -99.358874",Successful
B1273,Eagle,"51.992681, -116.465702","32.078388, -86.174498",Failed
B1281,Eagle,"62.194153, -150.866764","28.306792, -98.054698",Successful
B1285,Eagle,"50.839370, -116.530532","34.032440, -92.522117",Failed
B1286,Eagle,"44.462569, -103.896647","38.331645, -71.747615",Successful
B1293,Eagle,"54.893041, -118.536591","33.506252, -95.382617",Failed
B1320,Eagle,"65.554151, -151.159919","38.323634, -123.078320",Failed
B1332,Eagle,"44.058580, -89.815539","30.289988, -89.568879",Failed
B1344,Eagle,"53.163441, -72.836547","20.551099, -104.494282",Successful
B1350,Eagle,"45.985557, -99.506102","26.336103, -95.209774",Successful
B1352,Eagle,"52.391404, -78.354532","44.075456, -123.402044",Successful
B1354,Eagle,"59.182877, -130.824174","35.183736, -84.542460",Successful
B1360,Eagle,"46.070522, -65.959906","34.320548, -92.288119",Failed
B1363,Eagle,"55.397155, -116.333503","25.538230, -100.754853",Failed
B1371,Eagle,"58.970432, -135.345292","29.694006, -84.234781",Failed
B1381,Eagle,"43.187745, -99.699904","31.360430, -90.692976",Successful
B1383,Eagle,"47.918687, -95.812326","34.994435, -91.177438",Failed
B1384,Eagle,"67.475055, -146.042844","23.177613, -104.939897",Successful
B1385,Eagle,"64.915662, -146.939706","38.897491, -123.579193",Successful
B1386,Eagle,"52.135848, -74.513680","36.448869, -73.197239",Successful
B1387,Eagle,"52.710365, -118.622253","35.281346, -95.106601",Successful
B1390,Eagle,"48.362801, -88.803437","25.357249, -99.036671",Failed
B1395,Eagle,"60.122684, -138.457204","32.857871, -83.592114",Successful
B1410,Eagle,"48.790067, -72.633946","32.128541, -72.109935",Failed
B1412,Eagle,"52.178475, -122.068865","30.402895, -75.620805",Successful
B1414,Eagle,"54.200657, -71.182505","39.840905, -72.568267",Successful
B1421,Eagle,"46.330326, -96.167190","36.013692, -120.010724",Failed
B1438,Eagle,"47.109569, -65.517420","29.746655, -85.493952",Successful
B1441,Eagle,"43.647781, -98.708287","33.997250, -98.312312",Failed
B1444,Eagle,"65.635234, -135.074759","41.780094, -121.915827",Successful
B1456,Eagle,"54.734653, -84.955416","34.306497, -89.295275",Failed
B1474,Eagle,"51.726327, -129.003389","41.099962, -120.500021",Successful
B1475,Eagle,"49.374661, -66.157956","32.014611, -84.564546",Failed
B1485,Eagle,"59.028997, -136.209628","40.565927, -124.104890",Failed
B1490,Eagle,"62.472110, -135.068796","32.088561, -93.411524",Failed
B1492,Eagle,"55.073483, -122.126471","37.315478, -121.103831",Successful
B1495,Eagle,"59.047844, -111.499318","29.626536, -91.567449",Failed
B1499,Eagle,"54.266392, -88.636638","38.126982, -79.919311",Failed
B1501,Eagle,"64.662495, -130.644422","22.838004, -96.900401",Successful
B1513,Eagle,"66.535301, -138.199993","22.995660, -102.765902",Successful
B1516,Eagle,"67.232285, -147.630763","34.976537, -70.811599",Failed
B1525,Eagle,"52.585213, -110.057988","37.860596, -121.114208",Failed
B1537,Eagle,"57.112957, -128.319462","31.978730, -81.303114",Successful
B1549,Eagle,"54.645767, -72.808230","37.292575, -76.333874",Successful
B1550,Eagle,"51.734972, -77.900127","33.005953, -83.712030",Failed
B1559,Eagle,"64.570193, -149.317739","33.364784, -80.507916",Successful
B1567,Eagle,"55.097192, -113.048875","40.708216, -121.479980",Failed
B1570,Eagle,"45.080160, -93.772459","28.596671, -98.700483",Failed
B1575,Eagle,"52.506706, -72.820515","35.944185, -73.276551",Successful
B1576,Eagle,"59.939373, -125.406924","35.960295, -91.827576",Successful
B1577,Eagle,"45.053043, -103.887630","29.019359, -96.278334",Failed
B1587,Eagle,"45.412064, -87.616656","23.500235, -104.291530",Failed
B1588,Eagle,"53.540166, -66.294596","38.337820, -76.223273",Failed
B1593,Eagle,"55.535185, -113.955636","23.746017, -95.303525",Successful
B1634,Eagle,"45.122019, -95.460884","34.388152, -92.920117",Failed
B1647,Eagle,"59.321612, -121.794629","39.744513, -120.051886",Failed
B1676,Eagle,"47.001942, -99.990148","30.223563, -99.775360",Failed
B1686,Eagle,"45.095967, -68.248140","33.738676, -75.391151",Successful
B1689,Eagle,"53.878226, -79.118833","38.182429, -72.156119",Successful
B1692,Eagle,"59.418854, -148.474629","37.219771, -70.327911",Successful
B1706,Eagle,"67.946583, -153.532778","33.813413, -92.616305",Successful
B1730,Eagle,"60.252401, -143.799620","29.536135, -94.937425",Successful
B1748,Eagle,"58.008433, -145.442326","39.797420, -124.904359",Failed
B1750,Eagle,"59.213661, -112.440218","23.076759, -98.992911",Failed
B1761,Eagle,"58.843937, -117.293968","30.462938, -80.433758",Failed
B1765,Eagle,"65.822385, -154.464239","22.999477, -104.805888",Successful
B1774,Eagle,"55.219199, -117.622654","25.878558, -98.910682",Failed
B1780,Eagle,"45.020339, -79.952209","29.599741, -90.799673",Successful
B1787,Eagle,"49.036683, -68.017353","37.419330, -77.721249",Successful
B1793,Eagle,"52.109974, -120.839396","25.374092, -96.401247",Successful
B1805,Eagle,"51.549748, -68.854504","31.659983, -93.941560",Failed
B1812,Eagle,"45.123626, -79.411588","39.860444, -78.618817",Failed
B1814,Eagle,"52.973233, -116.520982","33.616558, -97.188121",Successful
B1822,Eagle,"46.997992, -74.924629","38.433860, -124.296399",Failed
B1836,Eagle,"43.478443, -104.395134","21.735858, -95.594277",Failed
B1841,Eagle,"56.255477, -124.218001","22.500945, -102.157263",Successful
B1842,Eagle,"45.679177, -89.937034","32.472132, -70.964360",Failed
B1849,Eagle,"50.145582, -124.106647","41.463542, -124.175418",Failed
B1866,Eagle,"57.437515, -124.509662","34.231130, -85.914884",Successful
B1877,Eagle,"46.069980, -101.611245","29.381732, -93.094371",Failed
B1880,Eagle,"51.490365, -116.550777","25.962481, -104.908752",Successful
B1888,Eagle,"51.186748, -75.335128","26.873824, -98.436584",Failed
B1895,Eagle,"43.149215, -95.437310","32.426955, -97.517413",Successful
B1905,Eagle,"47.244535, -98.024390","31.080877, -73.015395",Successful
B1918,Eagle,"64.236280, -145.282204","34.472186, -98.038357",Failed
B1924,Eagle,"54.271713, -119.529557","32.009783, -84.817295",Successful
B1936,Eagle,"61.838003, -134.455249","30.545410, -73.775079",Failed
B1938,Eagle,"45.413995, -89.229342","23.803598, -95.587363",Successful
B1944,Eagle,"46.571319, -85.676735","26.769665, -100.982155",Failed
B1954,Eagle,"49.956654, -68.321091","22.229446, -95.649092",Successful
B1955,Eagle,"57.265418, -118.475593","35.328175, -74.897009",Failed
B1961,Eagle,"52.170355, -111.823312","29.455360, -81.863594",Failed
B1964,Eagle,"60.254129, -144.154155","33.220129, -90.023334",Successful
B1965,Eagle,"45.648945, -92.445416","35.686780, -80.861406",Failed
B1975,Eagle,"47.412689, -81.257366","30.043390, -85.821907",Successful
B1980,Eagle,"42.195303, -94.888898","34.038811, -99.036226",Failed
B1983,Eagle,"58.609075, -117.588791","33.736150, -85.241564",Successful
B1987,Eagle,"53.915609, -66.761122","24.370931, -97.096389",Failed
B1995,Eagle,"57.178520, -123.748215","41.452723, -123.904088",Successful
B1999,Eagle,"44.433106, -85.761364","34.248529, -79.461643",Failed
B2015,Eagle,"60.193519, -130.057125","34.017240, -87.907068",Successful
B2019,Eagle,"59.369770, -114.454366","28.298532, -86.020594",Successful
B2030,Eagle,"42.594417, -94.294768","35.691509, -96.458512",Failed
B2049,Eagle,"47.818946, -84.899425","30.953613, -73.820325",Failed
B2051,Eagle,"66.243622, -131.782288","34.367752, -70.248371",Successful
B2057,Eagle,"46.762111, -82.111499","30.355524, -93.377030",Successful
B2060,Eagle,"44.124836, -91.043095","33.657222, -99.879429",Successful
B2069,Eagle,"65.524591, -138.215875","33.458972, -87.205772",Successful
B2071,Eagle,"53.071269, -111.081074","37.852839, -74.201856",Failed
B2086,Eagle,"59.796211, -142.939919","39.473699, -76.117889",Failed
B2087,Eagle,"47.192318, -102.568248","33.207420, -98.201488",Failed
B2091,Eagle,"42.009870, -87.946394","32.893710, -91.937052",Failed
B2095,Eagle,"47.564850, -84.248822","28.340150, -85.392144",Failed
B2102,Eagle,"47.053760, -95.975536","32.921721, -95.700574",Failed
B2109,Eagle,"67.277262, -141.226130","24.597889, -100.252572",Failed
B2122,Eagle,"68.399986, -139.926790","44.814097, -120.722034",Failed
B2124,Eagle,"61.525465, -139.938314","41.247948, -120.613194",Successful
B2140,Eagle,"58.174571, -142.018784","27.920404, -99.917936",Successful
B2149,Eagle,"52.949481, -82.687713","35.767638, -97.293021",Failed
B2156,Eagle,"59.362717, -149.228625","44.322305, -122.413490",Successful
B2161,Eagle,"54.395963, -121.007280","28.795341, -88.074898",Successful
B2163,Eagle,"47.133159, -101.932612","24.642805, -97.601134",Failed
B2164,Eagle,"53.815249, -122.318156","29.215649, -85.266876",Failed
B2167,Eagle,"52.614469, -129.360323","33.999927, -82.685929",Successful
B2169,Eagle,"50.761554, -117.467024","37.354321, -75.359038",Failed
B2170,Eagle,"58.003693, -117.389322","34.511344, -76.672713",Failed
B2171,Eagle,"45.425188, -104.322266","35.592462, -122.946122",Successful
B2182,Eagle,"50.740352, -70.997064","22.821454, -103.354409",Failed
B2189,Eagle,"51.451974, -128.942140","28.871749, -86.203246",Successful
B2190,Eagle,"45.935955, -83.779699","24.979184, -102.888671",Successful
B2192,Eagle,"69.231849, -149.343731","41.537235, -121.323701",Successful
B2193,Eagle,"44.011541, -97.839408","41.820612, -121.048765",Failed
B2195,Eagle,"56.229574, -122.836932","34.864990, -93.342832",Successful
B2205,Eagle,"52.474199, -77.297182","32.276782, -75.542615",Successful
B2207,Eagle,"54.011657, -129.666032","37.703387, -120.044428",Successful
B2218,Eagle,"51.682875, -70.044491","33.865565, -72.453988",Failed
B2219,Eagle,"45.816733, -101.815964","32.053587, -79.490661",Successful
B2221,Eagle,"46.322539, -91.962855","36.384941, -76.900663",Successful
B2229,Eagle,"45.519725, -67.635040","33.759465, -79.287148",Failed
B2248,Eagle,"54.887133, -119.617547","28.825201, -81.057149",Failed
B2251,Eagle,"59.215158, -121.781956","36.712987, -76.127888",Failed
B2255,Eagle,"46.256797, -82.362571","34.771157, -80.220426",Successful
B2259,Eagle,"68.017865, -152.582414","21.529502, -99.232352",Successful
B2268,Eagle,"50.883422, -69.236718","32.859348, -90.984987",Successful
B2274,Eagle,"52.168338, -121.705714","30.119078, -98.706037",Successful
B2276,Eagle,"46.179481, -67.709470","31.878929, -83.527613",Failed
B2283,Eagle,"68.520399, -153.012678","28.662356, -91.776127",Successful
B2285,Eagle,"50.044900, -81.864697","29.228177, -99.734153",Successful
B2293,Eagle,"50.406200, -66.171440","34.423551, -91.105012",Successful
B2296,Eagle,"46.603764, -93.120105","28.213500, -80.182660",Successful
B2308,Eagle,"46.332853, -95.319202","33.802019, -86.487559",Failed
B2313,Eagle,"58.667509, -146.600295","28.899710, -85.883824",Successful
B2314,Eagle,"44.682161, -104.770388","28.226928, -89.168045",Successful
B2325,Eagle,"50.850940, -66.178957","32.428400, -70.592315",Failed
B2330,Eagle,"54.353452, -128.833306","27.660675, -100.841585",Successful
B2338,Eagle,"65.065164, -154.269337","37.294433, -78.141938",Failed
B2340,Eagle,"53.583715, -127.809285","43.134571, -124.174553",Successful
B2347,Eagle,"68.677598, -151.004409","24.745015, -95.202625",Successful
B2348,Eagle,"53.832868, -110.223765","36.375160, -124.898585",Successful
B2376,Eagle,"58.725028, -114.037057","20.591439, -99.071524",Failed
B2378,Eagle,"59.647979, -135.362755","22.648765, -98.903324",Successful
B2379,Eagle,"47.804865, -68.469931","33.631946, -72.133652",Successful
B2383,Eagle,"54.262156, -72.977246","28.688360, -99.961326",Successful
B2388,Eagle,"63.289389, -139.811282","32.359728, -81.982676",Failed
B2408,Eagle,"58.163002, -120.450051","25.113761, -95.396825",Failed
B2411,Eagle,"58.119481, -117.070914","30.575126, -90.268794",Failed
B2413,Eagle,"63.783289, -145.428373","38.844995, -120.364113",Failed
B2417,Eagle,"48.801818, -83.112935","37.854451, -71.986189",Failed
B2421,Eagle,"54.355297, -113.559630","28.623269, -87.922676",Failed
B2423,Eagle,"59.773866, -115.345393","27.600264, -98.553813",Failed
B2428,Eagle,"62.359926, -134.630069","30.756463, -84.157853",Successful
B2449,Eagle,"54.265262, -85.810622","37.195162, -79.636289",Successful
B2462,Eagle,"51.623657, -127.350048","31.347265, -73.466388",Failed
B2466,Eagle,"61.683847, -134.547512","31.736296, -86.967234",Failed
B2473,Eagle,"53.953893, -125.722041","30.491328, -84.234613",Failed
B2485,Eagle,"63.177302, -148.152677","31.549236, -99.935704",Failed
B2486,Eagle,"50.804883, -126.873409","31.819842, -98.102614",Successful
B2494,Eagle,"57.151626, -118.173976","26.437325, -103.521776",Failed
B2499,Eagle,"47.039375, -94.160042","36.546536, -77.056482",Failed
B2500,Eagle,"49.317020, -81.058058","33.326075, -99.747869",Failed
B2505,Eagle,"48.775755, -67.749678","43.086545, -121.309050",Successful
B2509,Eagle,"51.071238, -75.565819","21.139737, -103.349180",Failed
B2514,Eagle,"53.858490, -110.400918","29.229135, -88.162518",Failed
B2518,Eagle,"45.616644, -89.203078","30.081713, -92.061853",Failed
B2519,Eagle,"49.874276, -73.873150","33.906766, -80.984550",Successful
B2531,Eagle,"55.887414, -111.681490","28.120906, -84.054410",Successful
B2549,Eagle,"60.797582, -135.481776","33.531034, -81.237283",Successful
B2560,Eagle,"67.070931, -144.523820","39.798163, -78.907354",Successful
B2561,Eagle,"52.413966, -129.072390","30.780600, -99.337115",Successful
B2566,Eagle,"47.458723, -69.062089","30.006623, -81.607255",Successful
B2568,Eagle,"68.245508, -134.716662","33.173778, -77.423407",Successful
B2601,Eagle,"66.826286, -148.681152","38.135911, -75.001055",Successful
B2602,Eagle,"62.882569, -130.752290","31.991670, -78.381479",Failed
B2610,Eagle,"53.719931, -77.850957","39.743316, -75.909814",Failed
B2614,Eagle,"50.796815, -88.207888","43.643293, -121.760061",Failed
B2616,Eagle,"45.984436, -91.388518","22.110672, -101.467558",Failed
B2622,Eagle,"45.392628, -86.411417","21.229375, -99.505971",Successful
B2629,Eagle,"52.255726, -88.582327","34.145962, -96.793950",Failed
B2630,Eagle,"46.618344, -84.525549","23.924665, -97.207971",Failed
B2632,Eagle,"59.851892, -136.962848","33.722523, -92.683720",Failed
B2642,Eagle,"51.315318, -86.099442","28.791445, -81.117581",Failed
B2648,Eagle,"69.429000, -137.474880","25.610740, -101.553277",Failed
B2653,Eagle,"43.045685, -100.386001","35.050016, -98.970788",Successful
B2659,Eagle,"59.047645, -116.705616","27.977438, -97.031180",Failed
B2664,Eagle,"62.860885, -154.949860","43.640758, -120.318306",Failed
B2678,Eagle,"58.997451, -137.708518","44.460039, -120.992652",Successful
B2680,Eagle,"58.460036, -148.321847","40.152365, -120.854281",Failed
B2683,Eagle,"47.882682, -85.656342","22.342951, -101.140574",Successful
B2700,Eagle,"51.051932, -74.634183","26.252282, -99.078631",Successful
B2704,Eagle,"58.562554, -144.297867","21.461232, -101.465304",Successful
B2705,Eagle,"53.745867, -125.581510","24.051070, -98.014861",Failed
B2717,Eagle,"43.973093, -95.004684","22.304994, -99.474860",Failed
B2743,Eagle,"46.765646, -85.941366","33.884578, -91.773053",Failed
B2744,Eagle,"45.681310, -100.792916","29.446449, -89.936468",Successful
B2761,Eagle,"42.932046, -90.090075","34.814957, -89.232462",Failed
B2768,Eagle,"56.457970, -124.037683","41.546364, -122.264999",Successful
B2769,Eagle,"58.374870, -151.538705","40.145377, -121.122023",Failed
B2787,Eagle,"50.595907, -126.716613","24.302681, -95.581946",Successful
B2790,Eagle,"54.071223, -127.146454","38.128549, -124.012796",Failed
B2802,Eagle,"53.090610, -117.784369","38.119924, -120.770679",Failed
B2811,Eagle,"52.954187, -125.090793","39.500313, -121.142135",Failed
B2830,Eagle,"60.855572, -142.122073","43.615679, -123.803561",Failed
B2838,Eagle,"58.974105, -146.121684","22.629740, -100.767235",Successful
B2844,Eagle,"54.719910, -127.957823","33.631081, -81.131043",Successful
B2853,Eagle,"55.034634, -121.562280","41.405315, -124.826330",Failed
B2856,Eagle,"51.742237, -89.141799","33.732293, -78.989194",Failed
B2859,Eagle,"47.049551, -87.224324","31.310453, -93.251508",Failed
B2867,Eagle,"52.244424, -126.532725","34.944336, -96.691565",Successful
B2874,Eagle,"55.998030, -128.296854","37.158498, -120.368056",Failed
B2878,Eagle,"48.514853, -70.009827","33.918776, -75.342533",Failed
B2879,Eagle,"52.853559, -85.464366","30.524639, -93.355503",Failed
B2883,Eagle,"53.452996, -85.323265","33.632640, -97.206128",Successful
B2888,Eagle,"50.739978, -87.612762","31.493378, -96.134105",Successful
B2903,Eagle,"44.411022, -100.982329","30.837523, -70.634846",Failed
B2906,Eagle,"53.161981, -80.796112","34.835551, -91.519054",Failed
B2908,Eagle,"58.654762, -137.766501","35.964067, -75.090724",Successful
B2919,Eagle,"69.983289, -148.766487","32.421627, -83.738894",Failed
B2923,Eagle,"62.853640, -153.926031","36.278136, -120.872722",Failed
B2933,Eagle,"50.033996, -81.568292","32.261165, -87.500488",Successful
B2936,Eagle,"46.880883, -80.979041","34.283246, -89.531636",Successful
B2951,Eagle,"63.331396, -154.658289","24.842227, -99.726699",Failed
B2955,Eagle,"45.011978, -91.751333","32.490489, -98.184240",Successful
B2962,Eagle,"60.342108, -135.990583","20.223368, -104.275731",Failed
B2986,Eagle,"59.557759, -148.383909","26.049782, -103.349746",Successful
B2991,Eagle,"54.242845, -110.254272","24.206049, -104.137023",Failed
B3001,Eagle,"59.132110, -122.314797","28.247161, -89.954487",Successful
B3011,Eagle,"61.689655, -140.998743","36.735176, -75.001483",Successful
B3027,Eagle,"55.782580, -115.493556","26.599073, -104.950212",Successful
B3042,Eagle,"42.079705, -91.589332","20.981678, -95.651754",Successful
B3048,Eagle,"65.090983, -151.275432","29.329512, -86.844010",Successful
B3055,Eagle,"61.264897, -138.064804","24.602723, -95.416029",Successful
B3065,Eagle,"54.039609, -77.723560","28.695740, -93.341949",Successful
B3067,Eagle,"52.004135, -73.687908","35.678874, -96.928833",Failed
B3076,Eagle,"42.327110, -98.439956","34.034337, -90.209096",Failed
B3079,Eagle,"42.015850, -89.423881","35.434852, -73.457720",Failed
B3088,Eagle,"57.340972, -118.720840","39.545459, -121.321694",Failed
B3091,Eagle,"56.125937, -129.039339","22.566932, -97.233235",Successful
B3093,Eagle,"55.770103, -119.174172","36.216359, -122.236104",Failed
B3098,Eagle,"46.794033, -78.787181","38.827190, -71.223918",Failed
B3112,Eagle,"46.230972, -78.208741","34.980037, -97.405623",Successful
B3121,Eagle,"48.889950, -65.392435","29.125409, -80.879284",Failed
B3138,Eagle,"60.361601, -151.714896","34.616314, -83.708120",Successful
B3140,Eagle,"55.625420, -129.692365","40.203557, -124.148639",Successful
B3145,Eagle,"66.624773, -151.775935","43.688358, -123.123115",Failed
B3154,Eagle,"68.979891, -135.371697","29.346105, -89.745572",Successful
B3163,Eagle,"50.240217, -88.708680","35.118221, -76.632585",Failed
B3176,Eagle,"46.950968, -66.715997","32.709243, -98.916832",Failed
B3183,Eagle,"65.257453, -150.622837","29.660723, -99.889723",Failed
B3195,Eagle,"58.525310, -132.891868","25.492646, -102.938431",Failed
B3198,Eagle,"66.917287, -152.659028","37.037456, -124.067050",Successful
B3199,Eagle,"46.045696, -99.315441","39.274282, -76.708095",Failed
B3202,Eagle,"44.611547, -85.224148","34.051653, -90.776329",Successful
B3207,Eagle,"52.556838, -73.885595","34.083431, -87.671131",Failed
B3211,Eagle,"45.930688, -90.505995","35.664600, -121.960592",Failed
B3212,Eagle,"50.870558, -117.083455","40.276997, -124.534066",Failed
B3221,Eagle,"43.294303, -96.563692","33.133343, -98.622887",Successful
B3223,Eagle,"47.593124, -103.012039","28.531923, -87.088337",Failed
B3226,Eagle,"60.153343, -144.998356","34.201211, -72.508145",Successful
B3232,Eagle,"64.283969, -134.808968","30.359087, -72.316396",Failed
B3235,Eagle,"59.703889, -142.354258","34.201357, -80.027607",Failed
B3241,Eagle,"47.912932, -68.730880","37.244352, -75.727272",Successful
B3243,Eagle,"57.614929, -124.641383","41.862543, -123.325911",Failed
B3244,Eagle,"63.938636, -145.315184","25.960985, -100.731082",Successful
B3257,Eagle,"53.104652, -118.817901","42.644379, -123.417690",Successful
B3262,Eagle,"58.675219, -121.914192","28.204173, -96.125891",Successful
B3265,Eagle,"62.299847, -150.714876","29.909191, -96.824920",Successful
B3268,Eagle,"67.081638, -140.806279","38.349241, -78.361164",Successful
B3281,Eagle,"57.781642, -126.807478","31.475656, -89.598277",Successful
B3283,Eagle,"44.922349, -104.155016","35.808725, -80.855261",Successful
B3292,Eagle,"56.787920, -123.918967","33.363403, -89.805836",Failed
B3294,Eagle,"65.936455, -133.092763","26.718533, -99.885775",Failed
B3302,Eagle,"43.576779, -93.859265","34.352308, -95.514091",Successful
B3304,Eagle,"56.635079, -117.746104","35.229146, -72.952191",Successful
B3312,Eagle,"67.168666, -131.234716","25.905351, -103.627775",Successful
B3315,Eagle,"68.740569, -139.504305","22.848810, -100.493623",Failed
B3326,Eagle,"44.609129, -96.348848","26.887226, -102.583102",Failed
B3336,Eagle,"58.847346, -145.627192","35.587109, -124.789688",Failed
B3339,Eagle,"66.596649, -137.290503","33.348294, -84.991552",Failed
B3350,Eagle,"53.129458, -127.541648","39.759300, -77.704541",Failed
B3357,Eagle,"58.655508, -125.619772","33.557492, -90.780648",Successful
B3367,Eagle,"58.283987, -112.865634","22.722855, -103.570837",Failed
B3383,Eagle,"66.829830, -138.520947","27.228928, -103.344410",Successful
B3389,Eagle,"47.991602, -82.688040","44.896720, -122.967058",Successful
B3401,Eagle,"43.227433, -98.933417","34.757514, -75.933842",Failed
B3405,Eagle,"67.318768, -131.730137","34.528861, -90.239231",Successful
B3406,Eagle,"50.115786, -73.626584","30.711520, -79.260097",Failed
B3411,Eagle,"59.473900, -114.603849","28.961820, -84.178986",Successful
B3414,Eagle,"47.074734, -83.397228","31.022471, -82.028267",Failed
B3415,Eagle,"64.784218, -151.657136","23.089909, -102.348302",Failed
B3419,Eagle,"48.615338, -83.452799","39.418120, -122.874581",Successful
B3425,Eagle,"56.934944, -129.649623","41.322055, -120.126722",Failed
B3446,Eagle,"52.823398, -119.492069","31.228408, -78.168899",Successful
B3447,Eagle,"59.193823, -132.511367","37.514290, -122.885434",Successful
B3452,Eagle,"53.252154, -114.342388","39.194570, -120.295231",Successful
B3461,Eagle,"52.612865, -114.599356","34.251341, -90.669438",Failed
B3477,Eagle,"45.611486, -73.201136","33.567447, -99.772853",Successful
B3483,Eagle,"59.763198, -128.424961","28.803032, -94.645032",Successful
B3494,Eagle,"47.746493, -69.108652","33.128592, -80.800277",Successful
B3502,Eagle,"55.937760, -110.623717","26.200696, -99.854025",Successful
B3510,Eagle,"51.582464, -115.365481","31.972383, -70.600070",Successful
B3523,Eagle,"46.239324, -67.522215","32.868417, -85.364018",Successful
B3526,Eagle,"47.266488, -78.986659","34.304900, -74.946446",Failed
B3538,Eagle,"44.591030, -91.538782","30.392722, -82.577365",Failed
B3541,Eagle,"51.464656, -73.727664","33.151123, -89.934367",Successful
B3550,Eagle,"46.951041, -83.601108","27.560012, -96.501591",Failed
B3560,Eagle,"55.352197, -118.910537","33.252995, -99.590749",Successful
B3566,Eagle,"50.217910, -110.405859","31.432240, -99.036053",Failed
B3571,Eagle,"42.463974, -98.820081","28.717893, -88.471195",Failed
B3575,Eagle,"56.249767, -114.764227","44.740861, -120.598171",Successful
B3591,Eagle,"52.343780, -75.788572","25.107758, -100.406253",Failed
B3592,Eagle,"42.257314, -99.951131","35.875405, -121.368991",Failed
B3594,Eagle,"42.186098, -90.951973","32.525475, -86.504239",Failed
B3596,Eagle,"54.664918, -111.256045","29.892949, -99.661911",Failed
B3606,Eagle,"50.666068, -112.262648","39.384584, -122.404273",Failed
B3607,Eagle,"54.691082, -88.059417","33.024829, -91.630156",Failed
B3627,Eagle,"51.233284, -125.490891","21.688651, -100.832706",Failed
B3631,Eagle,"44.562288, -104.161590","39.524398, -74.132622",Successful
B3632,Eagle,"50.699120, -72.818040","39.035848, -73.238433",Failed
B3635,Eagle,"59.108223, -117.459830","34.597341, -94.105479",Failed
B3641,Eagle,"54.373777, -124.793070","38.017917, -122.973183",Failed
B3657,Eagle,"55.718485, -116.000275","31.347163, -86.676179",Failed
B3658,Eagle,"54.888614, -73.543223","33.617998, -71.818008",Successful
B3680,Eagle,"48.092484, -68.806564","29.870602, -94.694891",Successful
B3683,Eagle,"55.315131, -123.505880","43.634050, -120.719870",Successful
B3688,Eagle,"54.062971, -129.412524","37.444273, -79.548200",Failed
B3696,Eagle,"51.928492, -73.353664","35.711631, -74.792990",Successful
B3704,Eagle,"51.973721, -69.914202","23.397731, -102.218569",Successful
B3722,Eagle,"67.223158, -136.255149","21.739343, -100.097391",Successful
B3724,Eagle,"50.346818, -110.469116","34.077953, -95.572618",Successful
B3733,Eagle,"63.038825, -137.366235","35.021773, -90.629353",Successful
B3734,Eagle,"58.994319, -126.277064","35.903498, -93.833230",Failed
B3736,Eagle,"47.734352, -71.459429","22.946029, -101.266013",Successful
B3776,Eagle,"66.981402, -135.894610","23.727293, -97.085689",Failed
B3785,Eagle,"56.865747, -113.968494","27.961528, -96.353883",Failed
B3789,Eagle,"56.885280, -125.180516","36.917673, -121.971317",Successful
B3798,Eagle,"49.973536, -66.774336","28.309509, -92.776427",Successful
B3806,Eagle,"45.518917, -98.007367","31.881219, -96.216636",Successful
B3810,Eagle,"47.534339, -94.854029","34.930611, -96.530702",Successful
B3814,Eagle,"56.775682, -124.490672","35.124551, -82.948768",Successful
B3823,Eagle,"52.738072, -119.058798","41.420525, -124.430205",Failed
B3836,Eagle,"50.428557, -126.970581","39.821940, -122.076209",Successful
B3839,Eagle,"57.175107, -123.268349","33.744034, -91.328940",Failed
B3844,Eagle,"51.256158, -66.955063","40.287576, -120.226252",Successful
B3845,Eagle,"42.303442, -95.201210","34.397311, -80.439011",Successful
B3850,Eagle,"47.050445, -84.932409","30.279267, -73.355792",Failed
B3855,Eagle,"50.072964, -120.436324","27.960340, -99.147290",Successful
B3857,Eagle,"57.217659, -112.582082","35.896426, -96.649588",Failed
B3869,Eagle,"66.230975, -143.149264","38.390599, -79.439462",Successful
B3870,Eagle,"53.431206, -77.473966","28.671550, -85.688864",Successful
B3878,Eagle,"59.367171, -154.191855","32.774680, -89.988716",Failed
B3883,Eagle,"53.886619, -120.354752","33.346019, -95.272955",Successful
B3889,Eagle,"48.269464, -68.330937","32.439330, -95.788115",Successful
B3892,Eagle,"43.727316, -86.714000","38.250413, -76.479879",Failed
B3893,Eagle,"53.994485, -125.836839","33.996266, -94.238018",Successful
B3899,Eagle,"50.822723, -110.615292","44.394059, -123.649646",Successful
B3903,Eagle,"51.310428, -80.046761","33.989084, -93.162756",Failed
B3920,Eagle,"56.018151, -129.258853","38.345991, -120.706022",Successful
B3926,Eagle,"44.765989, -99.507803","26.222677, -100.639266",Successful
B3928,Eagle,"58.667906, -113.204145","44.709690, -121.363268",Successful
B3931,Eagle,"45.028640, -102.304743","30.916666, -81.285161",Failed
B3940,Eagle,"49.639126, -72.088522","34.661766, -71.135005",Successful
B3944,Eagle,"58.487260, -136.129482","26.677285, -102.057683",Failed
B3946,Eagle,"65.183020, -154.082970","29.808361, -82.722471",Failed
B3947,Eagle,"43.021608, -96.431803","35.084732, -120.271092",Failed
B3948,Eagle,"51.042906, -118.572413","30.948573, -84.428329",Failed
B3952,Eagle,"63.021356, -145.538712","20.739296, -98.672494",Successful
B3962,Eagle,"63.508003, -151.730961","22.418115, -95.960290",Failed
B3970,Eagle,"44.560731, -104.639038","35.814541, -82.373102",Failed
B3974,Eagle,"57.987214, -114.296316","20.087823, -95.362817",Failed
B3976,Eagle,"65.813294, -134.378369","33.297402, -84.732449",Failed
B3977,Eagle,"42.008737, -98.415402","33.222280, -93.658866",Failed
B3978,Eagle,"69.473348, -131.260151","21.366433, -98.128149",Successful
B3984,Eagle,"46.760804, -89.050944","41.465166, -122.309327",Failed
B4001,Eagle,"47.830056, -98.748679","30.042001, -88.673168",Successful
B4007,Eagle,"52.921118, -110.502288","42.245838, -122.940803",Successful
B4010,Eagle,"46.118189, -99.097211","37.601973, -78.285749",Successful
B4023,Eagle,"51.104810, -127.113256","43.900986, -123.749329",Successful
B4037,Eagle,"46.173467, -95.526149","32.261802, -80.111802",Failed
B4038,Eagle,"60.596547, -147.977731","35.477986, -90.395291",Failed
B4055,Eagle,"43.411845, -96.814166","30.162673, -92.593108",Successful
B4062,Eagle,"44.954058, -99.032862","33.234942, -92.299737",Failed
B4068,Eagle,"44.658880, -101.193454","29.926049, -90.069616",Successful
B4069,Eagle,"54.241504, -110.509737","34.070193, -89.428897",Failed
B4073,Eagle,"64.729817, -135.426836","21.922758, -99.973647",Failed
B4075,Eagle,"62.215896, -131.886884","26.892180, -104.095620",Successful
B4078,Eagle,"66.385748, -131.546598","28.432865, -96.000356",Failed
B4081,Eagle,"51.465217, -119.079146","33.287973, -81.137341",Successful
B4082,Eagle,"68.444070, -132.282046","29.532971, -99.177032",Failed
B4113,Eagle,"48.612045, -74.859366","30.001377, -72.787914",Failed
B4124,Eagle,"62.860405, -130.706305","39.105264, -75.256493",Failed
B4149,Eagle,"46.901789, -90.570416","29.631920, -85.493278",Successful
B4176,Eagle,"62.049684, -133.804440","31.987744, -83.901628",Successful
B4190,Eagle,"46.790262, -102.257721","32.405090, -99.633025",Successful
B4191,Eagle,"51.883559, -83.064687","30.995902, -80.838866",Failed
B4193,Eagle,"43.485169, -85.214875","28.383884, -80.015781",Failed
B4206,Eagle,"45.652642, -95.317739","30.324425, -86.205336",Failed
B4208,Eagle,"47.091863, -85.206395","34.099321, -97.187324",Successful
B4214,Eagle,"53.649342, -118.194953","27.141038, -97.445167",Failed
B4223,Eagle,"46.739410, -97.351227","35.639861, -94.092102",Failed
B4238,Eagle,"56.659704, -110.403310","31.661842, -86.961906",Successful
B4243,Eagle,"45.405911, -93.041261","32.232139, -88.515373",Successful
B4245,Eagle,"58.192414, -148.131665","39.663285, -71.676737",Successful
B4250,Eagle,"47.940478, -96.636431","33.974191, -73.635612",Successful
B4255,Eagle,"46.296443, -97.640556","34.500159, -87.430698",Successful
B4265,Eagle,"47.767194, -102.439623","32.759965, -99.160732",Failed
B4267,Eagle,"45.105401, -72.749818","37.325672, -75.361691",Failed
B4268,Eagle,"58.505879, -125.325882","37.819919, -120.394541",Successful
B4269,Eagle,"50.148445, -119.779109","32.433389, -70.476732",Successful
B4274,Eagle,"46.323380, -98.819112","34.183504, -92.816976",Successful
B4275,Eagle,"46.421470, -71.215288","25.979616, -97.990415",Successful
B4278,Eagle,"47.554787, -89.116357","34.573274, -75.265768",Failed
B4296,Eagle,"54.454391, -110.005557","27.246727, -103.475053",Successful
B4303,Eagle,"54.608160, -86.776103","39.775494, -122.803955",Failed
B4307,Eagle,"43.122452, -101.431363","39.098287, -72.313144",Successful
B4329,Eagle,"51.994937, -111.634690","41.365872, -124.993219",Failed
B4339,Eagle,"68.489311, -131.935714","29.132545, -88.446157",Failed
B4343,Eagle,"47.094786, -94.213358","24.622440, -99.644417",Successful
B4346,Eagle,"44.352545, -94.434342","28.053064, -82.922948",Successful
B4347,Eagle,"47.697487, -97.209268","33.922860, -72.476364",Successful
B4357,Eagle,"59.989055, -112.800638","34.692572, -91.832079",Successful
B4367,Eagle,"45.713559, -65.537509","31.447191, -84.484194",Failed
B4371,Eagle,"64.070163, -149.319514","20.519062, -99.531817",Failed
B4373,Eagle,"61.619836, -130.804952","35.111047, -124.498419",Failed
B4377,Eagle,"51.071034, -128.612715","31.603614, -80.128997",Successful
B4378,Eagle,"53.559827, -120.543744","30.856749, -72.209518",Successful
B4389,Eagle,"44.167815, -88.613054","38.401179, -76.272660",Successful
B4396,Eagle,"59.639418, -119.470950","33.398631, -96.405329",Successful
B4398,Eagle,"45.530872, -67.514497","31.024803, -83.023400",Failed
B4407,Eagle,"60.727806, -134.811801","33.260607, -97.956812",Failed
B4409,Eagle,"67.913750, -149.241970","27.621289, -97.129740",Successful
B4412,Eagle,"47.675822, -86.788222","33.577810, -77.067183",Successful
B4414,Eagle,"62.445230, -138.963218","35.138220, -93.680702",Failed
B4421,Eagle,"67.965395, -152.465830","36.222633, -124.297252",Failed
B4437,Eagle,"51.693451, -129.771737","32.483836, -85.731295",Failed
B4441,Eagle,"65.465072, -139.483343","43.059080, -123.217746",Failed
B4447,Eagle,"46.191308, -82.421341","32.034949, -74.286515",Successful
B4449,Eagle,"45.772040, -98.693644","29.991162, -99.226348",Successful
B4465,Eagle,"45.362346, -67.289730","35.102789, -74.874196",Successful
B4466,Eagle,"50.383974, -117.319082","33.395673, -77.432583",Successful
B4467,Eagle,"58.673366, -114.891109","21.641119, -101.355497",Successful
B4469,Eagle,"42.238306, -96.092931","32.258163, -75.014918",Failed
B4478,Eagle,"53.196761, -111.386251","28.938981, -93.617738",Failed
B4490,Eagle,"69.272374, -145.034650","32.100452, -91.695104",Successful
B4493,Eagle,"69.804442, -148.127079","33.684312, -98.987228",Failed
B4501,Eagle,"53.609106, -124.694069","40.667738, -123.183026",Failed
B4503,Eagle,"64.073992, -139.050977","40.793031, -123.835045",Successful
B4504,Eagle,"54.799198, -123.395779","21.790319, -99.585740",Successful
B4514,Eagle,"42.033960, -90.148943","37.748323, -76.025540",Failed
B4517,Eagle,"58.565292, -116.044491","33.375204, -85.220397",Failed
B4518,Eagle,"44.174923, -89.003938","22.815711, -103.350050",Failed
B4524,Eagle,"46.956507, -67.217475","28.597935, -98.094180",Failed
B4526,Eagle,"58.112399, -122.255425","26.717024, -95.265562",Successful
B4531,Eagle,"44.211018, -103.659296","33.304844, -88.893995",Successful
B4548,Eagle,"58.424656, -139.220349","38.148064, -72.770085",Successful
B4560,Eagle,"55.131665, -110.985227","35.498085, -123.249205",Successful
B4588,Eagle,"54.589685, -124.081481","36.891587, -122.626008",Successful
B4600,Eagle,"46.896256, -84.995717","30.180801, -82.217429",Successful
B4604,Eagle,"56.142403, -111.576238","35.341823, -121.937827",Successful
B4605,Eagle,"47.894006, -85.086011","37.868880, -120.400955",Failed
B4606,Eagle,"68.977638, -130.857039","22.811096, -95.879256",Failed
B4613,Eagle,"52.036233, -115.900900","29.080392, -89.346421",Successful
B4621,Eagle,"45.479680, -71.770059","28.441147, -81.371750",Successful
B4624,Eagle,"46.804039, -76.650401","30.621185, -75.300802",Successful
B4638,Eagle,"50.154636, -126.174858","29.079164, -91.558636",Successful
B4640,Eagle,"46.933172, -85.038740","25.920139, -101.372733",Failed
B4644,Eagle,"59.409219, -134.201163","22.377949, -103.437604",Failed
B4647,Eagle,"51.307184, -80.591399","36.847068, -70.383582",Failed
B4658,Eagle,"51.858357, -68.226322","31.678576, -87.583702",Successful
B4665,Eagle,"49.636568, -82.524507","33.056743, -83.539934",Failed
B4689,Eagle,"49.098368, -77.319507","24.124923, -97.406919",Successful
B4694,Eagle,"57.086516, -113.219311","29.870176, -96.200766",Successful
B4704,Eagle,"42.424514, -91.553268","38.397731, -73.959407",Failed
B4714,Eagle,"46.892476, -77.636848","23.848243, -104.946486",Successful
B4715,Eagle,"63.389962, -151.096333","35.728868, -88.893708",Failed
B4716,Eagle,"51.330962, -76.856753","26.740006, -97.597001",Failed
B4717,Eagle,"65.457950, -151.036098","35.901885, -79.677491",Failed
B4722,Eagle,"46.645137, -85.726854","34.874105, -97.275806",Failed
B4730,Eagle,"53.842449, -70.186160","28.846075, -92.998742",Successful
B4735,Eagle,"61.641339, -143.149189","34.614502, -97.953871",Failed
B4750,Eagle,"42.443603, -93.975910","35.760580, -73.750685",Successful
B4751,Eagle,"46.768586, -103.898355","39.962082, -74.342187",Failed
B4759,Eagle,"54.833097, -89.479443","42.375702, -120.880950",Failed
B4761,Eagle,"58.985847, -119.110845","37.879517, -72.558277",Failed
B4774,Eagle,"54.711934, -116.707589","26.403069, -98.744047",Successful
B4778,Eagle,"53.661125, -75.410662","33.817027, -80.987549",Successful
B4783,Eagle,"48.679624, -72.661713","33.281956, -80.851717",Failed
B4797,Eagle,"58.835079, -111.285362","30.376930, -98.469590",Failed
B4802,Eagle,"47.312721, -70.665313","39.956228, -79.367392",Successful
B4815,Eagle,"54.176479, -69.678561","37.413639, -72.250538",Successful
B4828,Eagle,"65.237845, -142.983256","32.646383, -96.023313",Failed
B4836,Eagle,"48.735404, -80.730332","24.337497, -102.069196",Failed
B4838,Eagle,"64.855117, -133.062905","30.108298, -96.787377",Successful
B4851,Eagle,"49.043459, -87.102479","29.042679, -97.915814",Successful
B4858,Eagle,"52.781523, -125.753793","44.935202, -121.228672",Failed
B4859,Eagle,"68.330220, -152.829259","35.336331, -89.280942",Failed
B4860,Eagle,"58.317772, -122.331641","33.679607, -78.007116",Successful
B4863,Eagle,"53.733283, -83.629798","30.567630, -98.565933",Failed
B4866,Eagle,"54.073314, -78.420674","28.122591, -93.969900",Failed
B4868,Eagle,"61.622949, -147.458387","27.520585, -98.592402",Failed
B4873,Eagle,"58.711350, -117.767131","32.695571, -98.963129",Successful
B4875,Eagle,"53.567661, -67.756942","29.313284, -93.734422",Failed
B4877,Eagle,"53.424428, -114.546885","37.045487, -123.783737",Failed
B4880,Eagle,"53.457093, -122.688375","25.657318, -95.920352",Successful
B4890,Eagle,"51.093174, -73.098216","32.282995, -77.005407",Failed
B4901,Eagle,"53.059476, -112.812811","35.505656, -95.111925",Failed
B4902,Eagle,"46.538960, -96.860087","36.005158, -123.812658",Successful
B4907,Eagle,"47.317699, -91.375891","23.090936, -96.952966",Failed
B4912,Eagle,"53.359962, -111.612204","39.935778, -120.480983",Failed
B4918,Eagle,"68.184611, -138.200433","35.424808, -93.817402",Successful
B4919,Eagle,"46.282945, -73.960449","32.254247, -73.309270",Successful
B4928,Eagle,"58.737601, -116.137791","30.028585, -79.459307",Failed
B4929,Eagle,"59.199384, -114.799758","41.232720, -123.520369",Failed
B4935,Eagle,"46.515397, -102.942436","30.229085, -76.186994",Failed
B4937,Eagle,"53.851362, -110.759332","26.958738, -97.926315",Failed
B4941,Eagle,"42.991434, -99.370424","36.072641, -71.622182",Successful
B4966,Eagle,"64.998658, -154.015612","39.777928, -121.967252",Failed
B4968,Eagle,"45.747376, -90.716043","38.449714, -121.224152",Successful
B4976,Eagle,"47.063621, -97.330625","37.004214, -75.725849",Failed
B4979,Eagle,"55.078586, -114.006143","29.302551, -91.701565",Successful
B4990,Eagle,"54.098702, -65.041924","43.249958, -124.361874",Successful
B4994,Eagle,"61.906518, -154.139329","34.250603, -89.777934",Successful
B5003,Eagle,"42.434293, -98.634289","31.232543, -77.470288",Failed
B5004,Eagle,"69.014523, -144.172724","27.197518, -95.771130",Successful
B5005,Eagle,"58.710309, -154.259887","36.248159, -123.738428",Failed
B5011,Eagle,"64.621977, -154.294867","29.269730, -94.661752",Failed
B5023,Eagle,"59.487360, -114.302683","37.210148, -74.795792",Successful
B5030,Eagle,"60.114878, -146.436787","21.852137, -101.587090",Successful
B5032,Eagle,"44.448285, -96.200880","32.776068, -81.364214",Successful
B5034,Eagle,"50.998128, -65.502819","29.604946, -90.143820",Failed
B5044,Eagle,"68.250617, -135.875875","30.710298, -88.937503",Successful
B5047,Eagle,"53.792803, -129.866295","37.858738, -121.334306",Failed
B5048,Eagle,"69.325749, -136.959194","39.112609, -74.290785",Successful
B5064,Eagle,"57.374175, -126.246114","42.675740, -120.581544",Successful
B5069,Eagle,"51.060269, -65.876867","28.055882, -81.424283",Successful
B5089,Eagle,"52.582505, -122.305825","39.556538, -122.824490",Successful
B5091,Eagle,"65.000626, -133.991863","41.078905, -122.192767",Successful
B5102,Eagle,"46.531622, -92.247003","37.638019, -70.895106",Successful
B5130,Eagle,"54.109537, -126.582688","37.664629, -73.249713",Failed
B5133,Eagle,"42.453425, -85.665408","28.740186, -92.664842",Successful
B5140,Eagle,"43.929163, -104.502078","31.409610, -95.768763",Successful
B5145,Eagle,"54.692199, -124.373679","44.443236, -124.165573",Successful
B5147,Eagle,"48.439126, -86.625073","35.554525, -90.839239",Successful
B5151,Eagle,"45.541258, -86.346084","24.077112, -103.421170",Failed
B5162,Eagle,"63.972309, -130.357423","44.427394, -121.656076",Successful
B5169,Eagle,"55.886839, -129.294183","35.002607, -82.642630",Successful
B5172,Eagle,"51.582892, -85.280831","28.967112, -82.269135",Successful
B5181,Eagle,"56.747541, -120.535732","35.868031, -96.112664",Failed
B5183,Eagle,"48.440725, -83.263131","31.507112, -72.941565",Successful
B5199,Eagle,"63.725757, -138.795862","42.750406, -124.430372",Successful
B5225,Eagle,"54.544223, -127.653906","28.810820, -89.870562",Failed
B5229,Eagle,"52.858813, -122.842322","20.334026, -96.951350",Failed
B5234,Eagle,"49.265847, -87.092029","39.136659, -72.116266",Successful
B5242,Eagle,"52.726973, -112.604520","35.943369, -87.043857",Successful
B5250,Eagle,"54.296616, -123.684461","21.747142, -101.795578",Failed
B5251,Eagle,"50.874196, -84.681217","24.402637, -104.274920",Successful
B5257,Eagle,"56.322517, -115.228357","34.243579, -73.586787",Failed
B5262,Eagle,"58.550304, -123.326974","24.811580, -101.842324",Successful
B5273,Eagle,"54.714197, -113.583581","29.431121, -89.041983",Failed
B5283,Eagle,"52.835688, -127.021335","32.001973, -71.189511",Failed
B5287,Eagle,"42.754148, -101.839176","33.399621, -95.245804",Failed
B5296,Eagle,"54.192911, -80.355097","34.368600, -94.317892",Successful
B5309,Eagle,"50.071734, -77.380659","39.389469, -75.966918",Successful
B5334,Eagle,"46.140533, -77.794807","28.727854, -81.244619",Failed
B5346,Eagle,"50.978636, -113.855751","31.257402, -91.215942",Successful
B5353,Eagle,"49.726594, -88.150567","40.685746, -120.013083",Successful
B5357,Eagle,"54.432260, -72.255930","33.975668, -81.466265",Failed
B5359,Eagle,"58.127965, -114.918433","39.792468, -122.156822",Failed
B5367,Eagle,"45.139033, -72.422581","23.163120, -100.855205",Successful
B5370,Eagle,"54.382910, -112.668639","29.040488, -96.268254",Failed
B5378,Eagle,"46.116301, -89.174732","37.546084, -72.112567",Failed
B5383,Eagle,"42.736000, -102.597848","26.713195, -104.916603",Failed
B5386,Eagle,"54.915794, -124.592452","22.101620, -100.686534",Failed
B5397,Eagle,"47.997593, -99.929090","30.631527, -85.393150",Failed
B5419,Eagle,"42.681714, -101.720347","29.024963, -98.841146",Successful
B5425,Eagle,"59.205539, -118.792232","38.141667, -124.121716",Successful
B5430,Eagle,"45.961242, -72.738851","31.948437, -72.817688",Successful
B5432,Eagle,"63.693066, -130.809294","32.314949, -82.421942",Failed
B5435,Eagle,"52.210013, -124.844475","38.519751, -70.238163",Successful
B5438,Eagle,"44.795220, -93.606525","43.613466, -120.393824",Successful
B5444,Eagle,"61.798582, -139.390534","21.195120, -98.118290",Failed
B5446,Eagle,"45.423066, -93.928914","30.260295, -87.150063",Successful
B5454,Eagle,"47.502171, -89.859328","29.194301, -94.849736",Successful
B5477,Eagle,"61.078766, -143.843461","34.955350, -83.227368",Successful
B5478,Eagle,"45.623128, -89.276892","32.938605, -99.282752",Successful
B5480,Eagle,"52.380203, -65.433739","32.058121, -97.033995",Successful
B5482,Eagle,"51.544296, -67.283335","34.778728, -85.941640",Failed
B5486,Eagle,"50.180784, -85.734357","42.465406, -122.207584",Successful
B5495,Eagle,"48.483616, -89.889856","29.221628, -97.922614",Failed
B5502,Eagle,"46.507892, -104.627636","34.665803, -72.487465",Failed
B5515,Eagle,"46.381793, -99.191791","31.214513, -82.951501",Failed
B5516,Eagle,"64.061603, -140.295690","28.487506, -80.596669",Successful
B5519,Eagle,"47.213115, -87.352256","30.687264, -91.067123",Successful
B5527,Eagle,"59.831979, -133.749144","28.112401, -84.090975",Successful
B5536,Eagle,"50.777001, -119.787606","27.706248, -103.807972",Failed
B5541,Eagle,"54.746095, -124.752482","41.954024, -121.057711",Failed
B5545,Eagle,"45.001869, -86.631169","31.173164, -83.934333",Successful
B5549,Eagle,"56.411086, -111.791909","20.377785, -104.205693",Successful
B5552,Eagle,"53.819909, -126.174980","32.493371, -85.948641",Successful
B5556,Eagle,"59.558596, -128.567829","36.792741, -122.052050",Failed
B5557,Eagle,"52.886221, -124.593861","34.546604, -78.159831",Successful
B5567,Eagle,"69.151422, -153.242499","25.177683, -99.602940",Failed
B5584,Eagle,"54.067876, -85.101828","31.958981, -87.239209",Failed
B5585,Eagle,"47.504150, -88.487162","30.189588, -98.436998",Successful
B5590,Eagle,"53.561974, -129.733996","34.231576, -91.599996",Successful
B5613,Eagle,"46.193867, -95.538141","28.410527, -83.790703",Failed
B5642,Eagle,"52.526411, -129.172620","28.839138, -97.094531",Failed
B5653,Eagle,"58.695978, -149.056068","38.868315, -122.199183",Failed
B5660,Eagle,"52.709562, -76.451463","36.033426, -77.869673",Failed
B5676,Eagle,"51.989101, -68.790202","38.359454, -76.113550",Failed
B5678,Eagle,"60.398241, -147.635437","28.512376, -99.037683",Failed
B5679,Eagle,"55.770393, -122.607605","35.247201, -81.414274",Failed
B5693,Eagle,"52.449286, -77.453017","31.048844, -79.682338",Successful
B5698,Eagle,"47.390093, -68.000136","34.155700, -76.719109",Successful
B5699,Eagle,"42.506122, -92.130673","32.988095, -78.769265",Successful
B5709,Eagle,"64.390762, -152.041459","28.226575, -83.183525",Successful
B5710,Eagle,"67.576774, -136.661551","33.641733, -98.118815",Failed
B5717,Eagle,"61.127853, -152.782635","31.275246, -85.712497",Successful
B5720,Eagle,"48.104824, -76.317370","35.761885, -90.090327",Successful
B5722,Eagle,"69.992869, -148.580763","29.077170, -92.063749",Failed
B5725,Eagle,"62.303149, -132.130682","40.087041, -123.482991",Failed
B5731,Eagle,"59.147172, -118.310466","39.204108, -123.908894",Successful
B5734,Eagle,"46.130969, -103.804616","35.406208, -94.872305",Successful
B5743,Eagle,"69.769312, -146.033042","35.915732, -98.297466",Failed
B5754,Eagle,"47.771565, -103.733961","35.469006, -81.264494",Successful
B5759,Eagle,"43.811109, -102.409207","35.178759, -83.809348",Successful
B5763,Eagle,"52.035381, -115.799901","39.149121, -73.933084",Failed
B5773,Eagle,"63.651378, -141.358152","42.350281, -123.190550",Failed
B5789,Eagle,"57.616222, -117.919286","25.318075, -100.367474",Failed
B5815,Eagle,"61.299114, -140.905062","29.350093, -86.630777",Successful
B5843,Eagle,"55.375113, -112.965699","31.098139, -80.704452",Failed
B5844,Eagle,"64.194785, -146.116353","44.076770, -124.633513",Failed
B5850,Eagle,"64.594316, -130.933651","24.752330, -99.515789",Failed
B5860,Eagle,"59.927599, -143.729820","28.248461, -84.359980",Successful
B5863,Eagle,"47.506194, -103.887727","28.763795, -97.781359",Successful
B5870,Eagle,"52.420548, -124.946807","30.007114, -92.300053",Failed
B5872,Eagle,"46.661235, -104.083556","32.159034, -96.213626",Successful
B5873,Eagle,"53.266845, -85.777063","34.680432, -76.257907",Failed
B5874,Eagle,"62.854377, -130.380505","39.008304, -121.155022",Successful
B5875,Eagle,"64.495931, -146.502748","28.355500, -81.647535",Successful
B5876,Eagle,"46.597278, -100.088282","31.662467, -76.844742",Failed
B5878,Eagle,"51.170371, -118.599482","32.138665, -98.028671",Successful
B5880,Eagle,"57.711365, -128.816441","30.756638, -83.910501",Failed
B5883,Eagle,"52.662018, -71.441226","35.150172, -122.964385",Successful
B5885,Eagle,"58.795909, -124.812053","32.820475, -97.668157",Successful
B5886,Eagle,"62.372399, -150.440639","38.693076, -78.881785",Failed
B5901,Eagle,"57.281391, -121.317327","21.635489, -97.507433",Failed
B5908,Eagle,"57.688726, -122.976789","30.810311, -81.501817",Failed
B5918,Eagle,"42.141121, -100.405225","43.323000, -122.126075",Failed
B5919,Eagle,"66.643569, -148.716197","39.929558, -123.335628",Successful
B5922,Eagle,"45.554834, -85.501359","31.080427, -72.725871",Successful
B5939,Eagle,"42.060421, -96.919653","32.334447, -97.052489",Failed
B5942,Eagle,"46.470487, -86.917597","33.687797, -71.453426",Successful
B5950,Eagle,"60.442783, -138.771149","37.823907, -72.516132",Failed
B5952,Eagle,"67.869285, -150.538607","29.379875, -99.231236",Successful
B5970,Eagle,"54.251308, -67.396698","38.080735, -74.306653",Successful
B5982,Eagle,"63.297246, -139.017921","35.688590, -120.957815",Failed
B5996,Eagle,"47.385138, -65.132555","30.358237, -70.955646",Failed
B6003,Eagle,"51.129304, -87.255318","31.280245, -77.801707",Failed
B6032,Eagle,"62.030235, -136.133826","33.205701, -95.229579",Failed
B6056,Eagle,"54.026258, -65.647640","31.830374, -99.658814",Successful
B6069,Eagle,"42.775356, -88.701622","35.722136, -83.479582",Failed
B6071,Eagle,"59.124859, -110.153311","39.637346, -122.446610",Successful
B6101,Eagle,"50.174013, -127.043237","26.528636, -100.164771",Successful
B6103,Eagle,"55.999101, -122.035670","30.943721, -70.381375",Successful
B6109,Eagle,"50.500947, -116.446126","33.054228, -88.335244",Successful
B6110,Eagle,"53.611497, -120.328510","35.635653, -98.164919",Successful
B6116,Eagle,"44.345517, -85.493073","35.704445, -82.712558",Successful
B6122,Eagle,"60.606407, -149.020699","27.881289, -104.194983",Successful
B6127,Eagle,"51.386349, -85.881978","32.513563, -96.503262",Successful
B6138,Eagle,"45.854322, -79.759690","28.303018, -81.949132",Successful
B6139,Eagle,"59.131250, -128.217843","38.790686, -71.271279",Failed
B6144,Eagle,"48.187419, -78.387805","23.593022, -100.993095",Failed
B6146,Eagle,"65.612244, -139.897239","35.914921, -91.144793",Successful
B6149,Eagle,"47.795837, -95.473707","35.315352, -122.971277",Failed
B6152,Eagle,"45.963610, -65.066792","30.665685, -89.884301",Successful
B6154,Eagle,"52.111704, -65.058488","35.382931, -99.260290",Failed
B6165,Eagle,"53.253795, -127.392693","35.700237, -98.354966",Failed
B6170,Eagle,"61.587322, -130.601905","21.962590, -102.941694",Successful
B6180,Eagle,"44.691802, -90.386661","22.279012, -100.929195",Failed
B6194,Eagle,"68.349505, -151.338625","30.495927, -87.823156",Failed
B6201,Eagle,"45.778619, -80.965176","30.646624, -93.193881",Successful
B6210,Eagle,"54.861029, -67.754027","32.085137, -72.709631",Successful
B6211,Eagle,"48.497776, -67.131752","25.444669, -97.557246",Successful
B6236,Eagle,"46.203241, -92.329275","33.948860, -99.908955",Successful
B6239,Eagle,"67.455132, -138.700923","23.387501, -97.302984",Failed
B6247,Eagle,"63.657012, -130.356258","20.810505, -101.840202",Failed
B6256,Eagle,"69.243035, -152.285125","35.458404, -99.328619",Failed
B6258,Eagle,"46.046285, -97.267486","32.548956, -77.103645",Failed
B6272,Eagle,"67.856563, -154.189858","35.770395, -82.513998",Successful
B6277,Eagle,"52.758222, -122.445474","30.581142, -88.587397",Failed
B6290,Eagle,"57.158116, -124.676581","30.534574, -82.049485",Failed
B6297,Eagle,"43.976804, -100.928778","31.213646, -99.200639",Successful
B6302,Eagle,"54.229835, -72.154610","25.372625, -99.424586",Successful
B6304,Eagle,"51.462071, -68.942897","44.069848, -124.389000",Successful
B6307,Eagle,"52.138485, -116.637598","25.680407, -96.497384",Failed
B6311,Eagle,"58.527671, -129.727605","34.587323, -99.928853",Successful
B6315,Eagle,"55.609350, -124.039596","35.128504, -83.762461",Failed
B6322,Eagle,"58.764951, -120.943855","25.969138, -97.097917",Successful
B6326,Eagle,"47.861419, -85.397970","33.147606, -90.744349",Successful
B6329,Eagle,"48.612315, -71.251657","34.969885, -77.081327",Failed
B6339,Eagle,"59.678058, -118.106123","24.124303, -100.241793",Successful
B6344,Eagle,"68.950832, -143.936774","39.607085, -121.704041",Failed
B6348,Eagle,"43.986821, -92.719981","28.104018, -97.661598",Successful
B6369,Eagle,"45.197640, -104.877177","35.331520, -87.815270",Successful
B6370,Eagle,"42.518275, -103.393074","28.772068, -95.320088",Failed
B6378,Eagle,"59.365873, -128.369216","42.383544, -122.783710",Failed
B6382,Eagle,"42.459030, -90.273951","38.231374, -124.261811",Successful
B6390,Eagle,"65.865505, -131.897604","38.910760, -76.729203",Failed
B6393,Eagle,"47.442814, -91.069690","30.583233, -78.768104",Successful
B6395,Eagle,"58.642076, -127.544941","28.965026, -87.769302",Successful
B6401,Eagle,"60.117623, -132.991945","23.537068, -101.515614",Failed
B6418,Eagle,"47.630771, -89.515956","31.990857, -81.865869",Failed
B6422,Eagle,"63.315397, -138.345612","28.635534, -97.157328",Failed
B6425,Eagle,"62.079398, -136.246264","35.565311, -123.974451",Successful
B6443,Eagle,"53.428150, -76.625927","35.482539, -86.541026",Successful
B6445,Eagle,"56.405677, -114.097636","22.470960, -96.486243",Failed
B6446,Eagle,"66.558468, -144.725538","33.993992, -97.479756",Successful
B6451,Eagle,"61.324679, -139.312011","34.205861, -73.271061",Successful
B6488,Eagle,"60.534035, -144.095456","44.819510, -120.505826",Failed
B6496,Eagle,"49.597173, -81.768266","39.605831, -72.085147",Failed
B6501,Eagle,"62.178194, -148.825842","33.904677, -93.659892",Failed
B6505,Eagle,"63.248662, -132.173950","39.041362, -122.401080",Successful
B6512,Eagle,"51.882247, -116.130128","32.511285, -92.688085",Successful
B6515,Eagle,"55.829013, -118.866830","29.719704, -86.837692",Failed
B6519,Eagle,"46.159320, -101.637371","35.387927, -90.445460",Successful
B6521,Eagle,"48.545620, -76.739232","29.945169, -87.660899",Failed
B6526,Eagle,"54.304049, -78.772064","44.710228, -123.603036",Successful
B6534,Eagle,"54.713643, -66.579457","38.209929, -72.132181",Failed
B6546,Eagle,"45.955040, -85.187825","28.682356, -85.081100",Successful
B6558,Eagle,"50.060033, -111.072517","30.352186, -81.677780",Failed
B6564,Eagle,"67.982815, -151.209778","23.479745, -102.267956",Successful
B6568,Eagle,"51.915128, -123.452091","29.318341, -82.141641",Successful
B6575,Eagle,"45.459238, -101.062805","39.433507, -77.377614",Successful
B6576,Eagle,"44.172326, -95.503159","31.504486, -82.695948",Successful
B6580,Eagle,"49.913128, -89.435593","34.707763, -79.071659",Successful
B6581,Eagle,"60.899486, -153.103512","33.560146, -84.862520",Successful
B6615,Eagle,"68.710960, -135.095016","22.531447, -104.721239",Successful
B6619,Eagle,"42.039367, -101.880376","26.464531, -101.230283",Failed
B6630,Eagle,"50.037529, -87.019924","30.141928, -97.006079",Failed
B6635,Eagle,"45.217592, -104.554830","38.285122, -75.294897",Successful
B6637,Eagle,"64.003232, -146.444427","32.573715, -88.348780",Failed
B6645,Eagle,"50.408613, -78.110327","35.366849, -95.421401",Failed
B6648,Eagle,"48.391405, -81.083295","31.272480, -70.186162",Successful
B6655,Eagle,"47.897749, -89.765041","33.896720, -75.452444",Successful
B6665,Eagle,"53.271945, -83.450151","44.732844, -120.201041",Failed
B6668,Eagle,"45.631630, -77.793172","36.653096, -78.257595",Successful
B6669,Eagle,"52.644560, -86.394120","35.765709, -123.134691",Failed
B6670,Eagle,"69.730181, -139.396112","36.994663, -77.022020",Successful
B6672,Eagle,"52.149649, -114.679125","37.475085, -74.158058",Failed
B6674,Eagle,"57.821490, -117.002066","34.614303, -89.290082",Failed
B6678,Eagle,"45.937890, -97.857176","28.499129, -98.676257",Successful
B6690,Eagle,"43.777572, -89.686284","35.893389, -71.262200",Failed
B6694,Eagle,"46.469227, -95.097209","36.665223, -74.066105",Failed
B6697,Eagle,"48.111478, -82.859955","23.499164, -99.004139",Failed
B6699,Eagle,"53.800530, -123.577575","28.019349, -81.480839",Successful
B6706,Eagle,"54.129923, -129.653746","30.155530, -72.063065",Successful
B6719,Eagle,"45.681889, -72.159651","32.093807, -92.608750",Successful
B6745,Eagle,"47.292005, -91.196615","36.984611, -79.366472",Successful
B6759,Eagle,"59.207956, -128.910237","44.759054, -122.614179",Failed
B6765,Eagle,"52.868180, -65.077797","29.686072, -97.484879",Failed
B6770,Eagle,"50.912492, -76.054800","44.471814, -121.912354",Failed
B6773,Eagle,"46.795873, -104.335067","39.323923, -76.579186",Failed
B6784,Eagle,"50.655698, -113.198720","39.643841, -122.523831",Successful
B6785,Eagle,"47.107766, -96.445857","32.526644, -93.282761",Failed
B6790,Eagle,"47.369906, -81.222880","44.204788, -123.312197",Failed
B6791,Eagle,"52.857099, -119.703094","29.700095, -85.682000",Successful
B6806,Eagle,"53.954088, -119.734933","29.286096, -96.803335",Successful
B6816,Eagle,"63.027937, -145.959310","34.683274, -82.686686",Failed
B6817,Eagle,"68.487380, -134.148284","26.526268, -96.349696",Failed
B6820,Eagle,"54.516028, -87.332722","29.329047, -91.764660",Successful
B6830,Eagle,"46.392249, -71.869029","31.089251, -91.328354",Failed
B6833,Eagle,"51.372913, -124.868770","27.278487, -96.102311",Successful
B6849,Eagle,"58.002302, -133.899718","38.963849, -75.000744",Successful
B6865,Eagle,"43.573619, -98.922099","36.071764, -75.555611",Successful
B6878,Eagle,"59.922271, -118.407419","29.294179, -80.086440",Failed
B6879,Eagle,"62.051249, -146.206535","23.307495, -104.502348",Successful
B6886,Eagle,"46.083905, -78.623338","32.798290, -78.144034",Failed
B6892,Eagle,"44.503521, -87.116939","35.180635, -71.977736",Failed
B6893,Eagle,"51.772824, -126.825159","35.119294, -87.616949",Failed
B6908,Eagle,"47.636122, -92.300790","21.887404, -98.796256",Failed
B6910,Eagle,"45.587034, -98.446094","26.865819, -100.627044",Successful
B6911,Eagle,"50.349618, -122.161497","39.827270, -75.394594",Failed
B6915,Eagle,"62.646869, -137.857542","39.374910, -73.968922",Failed
B6917,Eagle,"50.763804, -127.735353","28.381470, -91.909866",Failed
B6920,Eagle,"47.887847, -90.496810","36.380907, -78.078806",Successful
B6925,Eagle,"61.602364, -148.702604","22.365710, -103.202243",Failed
B6930,Eagle,"55.032994, -124.689371","31.778642, -89.230703",Failed
B6939,Eagle,"45.236883, -96.771640","35.029661, -70.950631",Successful
B6950,Eagle,"65.794800, -134.840418","35.859830, -123.966094",Failed
B6951,Eagle,"45.225294, -89.087733","32.406604, -74.667899",Successful
B6958,Eagle,"58.899226, -120.769901","42.556020, -122.589095",Successful
B6960,Eagle,"56.960266, -113.301173","41.803448, -122.283328",Successful
B6962,Eagle,"53.552283, -114.396060","26.659080, -99.543639",Successful
B6968,Eagle,"46.362012, -86.305863","23.461815, -102.800722",Failed
B6973,Eagle,"63.155417, -130.344489","31.047613, -96.713161",Successful
B6975,Eagle,"43.122323, -103.967785","33.480419, -73.430030",Failed
B7000,Eagle,"54.876773, -85.692216","27.823956, -99.217724",Failed
B7002,Eagle,"63.411789, -141.350656","36.091699, -72.326697",Successful
B7007,Eagle,"44.719684, -91.585044","30.612559, -86.724012",Failed
B7008,Eagle,"65.524561, -149.080269","25.039291, -97.665476",Successful
B7010,Eagle,"52.225907, -72.889910","38.005936, -73.716574",Failed
B7041,Eagle,"67.137609, -136.895964","32.945089, -81.778541",Failed
B7054,Eagle,"54.875550, -73.771597","37.560301, -77.394593",Failed
B7058,Eagle,"44.053786, -88.169026","32.496061, -76.506032",Failed
B7060,Eagle,"52.464645, -89.508194","30.154550, -93.604663",Successful
B7067,Eagle,"59.922434, -121.286987","44.604959, -122.983964",Successful
B7080,Eagle,"56.185503, -125.960848","30.918331, -72.964460",Failed
B7082,Eagle,"46.279838, -95.688429","34.101436, -73.853213",Successful
B7090,Eagle,"59.277750, -111.075166","35.778720, -81.884449",Successful
B7091,Eagle,"51.997034, -71.718023","28.299136, -83.761116",Successful
B7096,Eagle,"48.489369, -65.038088","34.346052, -91.721910",Successful
B7097,Eagle,"43.906586, -104.227903","24.686663, -100.704762",Failed
B7107,Eagle,"55.463377, -110.548570","22.383684, -100.932047",Failed
B7109,Eagle,"54.361097, -110.747887","28.113552, -85.803733",Successful
B7110,Eagle,"50.228131, -69.873002","29.575819, -85.109929",Failed
B7114,Eagle,"53.810563, -83.975762","35.329640, -97.824603",Failed
B7120,Eagle,"56.158457, -118.654470","31.465734, -86.337625",Failed
B7123,Eagle,"62.695220, -140.912064","35.629192, -74.500937",Failed
B7128,Eagle,"50.778507, -127.305654","29.888781, -88.876830",Failed
B7132,Eagle,"64.089124, -145.271929","44.482338, -123.541517",Successful
B7137,Eagle,"58.576194, -125.035187","28.733647, -97.966324",Failed
B7138,Eagle,"50.124300, -85.009534","21.973323, -98.194098",Successful
B7162,Eagle,"48.879843, -65.644531","43.158638, -122.992857",Successful
B7163,Eagle,"59.150854, -144.228394","33.078125, -89.838421",Failed
B7173,Eagle,"54.414566, -86.910980","30.745906, -73.838627",Successful
B7176,Eagle,"43.800392, -87.373552","28.275878, -98.791255",Failed
B7187,Eagle,"53.196875, -124.112426","23.073086, -103.502271",Failed
B7195,Eagle,"56.089060, -126.308480","30.740992, -95.872316",Successful
B7200,Eagle,"50.481740, -126.910392","32.442283, -92.723660",Successful
B7202,Eagle,"47.694931, -103.702430","34.471527, -78.311088",Failed
B7214,Eagle,"57.139417, -125.653410","36.463605, -74.709904",Failed
B7218,Eagle,"51.962910, -113.971603","21.786388, -101.028192",Successful
B7222,Eagle,"59.899124, -148.088190","22.428354, -96.234863",Failed
B7228,Eagle,"51.763618, -117.813396","31.432824, -90.559426",Successful
B7229,Eagle,"46.374315, -74.597541","37.124634, -72.158310",Failed
B7231,Eagle,"43.544721, -91.355249","34.533618, -92.035774",Failed
B7233,Eagle,"65.762285, -151.708785","21.154344, -95.091167",Failed
B7237,Eagle,"45.382908, -74.789252","38.178086, -71.557748",Failed
B7251,Eagle,"68.722628, -138.423564","20.413261, -96.021473",Successful
B7278,Eagle,"52.142306, -117.763377","30.076069, -78.764614",Failed
B7290,Eagle,"45.350222, -69.545181","28.108468, -80.202773",Failed
B7296,Eagle,"58.854964, -118.990131","27.488713, -104.545671",Successful
B7302,Eagle,"52.870840, -82.903663","32.471518, -84.926938",Successful
B7304,Eagle,"49.158717, -85.056578","32.699438, -92.134849",Failed
B7311,Eagle,"46.635898, -77.857248","31.859508, -74.579831",Failed
B7313,Eagle,"62.996683, -141.409359","32.776698, -93.443513",Failed
B7316,Eagle,"64.852669, -149.910726","21.721473, -100.757967",Successful
B7321,Eagle,"53.715536, -116.793183","26.148313, -103.181473",Successful
B7323,Eagle,"49.171967, -73.896421","33.847471, -88.099639",Successful
B7325,Eagle,"60.079932, -141.448295","38.143237, -123.055739",Successful
B7327,Eagle,"53.307704, -116.413145","32.070968, -80.550422",Successful
B7329,Eagle,"65.944190, -143.009032","39.563844, -75.299853",Failed
B7330,Eagle,"44.425254, -96.484363","21.323689, -96.764463",Failed
B7342,Eagle,"63.648412, -130.755263","35.583695, -120.041733",Failed
B7348,Eagle,"50.085364, -70.764016","32.573361, -92.317934",Failed
B7354,Eagle,"59.684788, -116.106177","37.200395, -124.312967",Successful
B7366,Eagle,"46.614948, -83.214564","34.203125, -84.525369",Successful
B7378,Eagle,"59.311206, -123.360519","33.298719, -80.982015",Failed
B7392,Eagle,"47.478986, -66.918253","34.209255, -86.480742",Failed
B7396,Eagle,"53.204392, -125.756796","28.948215, -86.519713",Failed
B7401,Eagle,"66.417619, -147.384010","24.790130, -101.675760",Failed
B7402,Eagle,"56.971327, -124.494971","35.802750, -85.011603",Successful
B7407,Eagle,"59.599054, -122.228847","20.961039, -102.402812",Failed
B7422,Eagle,"67.058800, -136.170394","31.188610, -79.880491",Failed
B7427,Eagle,"54.269312, -73.095787","32.267978, -97.419929",Successful
B7439,Eagle,"58.785535, -114.386047","34.965062, -70.153472",Failed
B7443,Eagle,"49.178600, -73.296766","28.298478, -92.316633",Failed
B7448,Eagle,"66.266991, -148.765258","34.752525, -97.849624",Successful
B7461,Eagle,"58.284483, -121.824072","23.306836, -104.591394",Failed
B7462,Eagle,"54.142918, -127.321046","22.120991, -98.884027",Successful
B7464,Eagle,"52.930423, -114.994310","26.710591, -100.270648",Failed
B7468,Eagle,"46.050384, -69.107552","32.885545, -77.659294",Failed
B7484,Eagle,"48.986216, -74.649270","37.484050, -122.088488",Successful
B7486,Eagle,"42.820171, -96.215268","20.679907, -99.183811",Failed
B7489,Eagle,"42.420953, -102.956310","36.931248, -75.054130",Failed
B7495,Eagle,"58.261772, -119.684589","34.838355, -94.969489",Failed
B7509,Eagle,"47.907337, -70.576356","35.480496, -89.018148",Successful
B7514,Eagle,"53.453985, -67.186990","29.411960, -83.719538",Failed
B7525,Eagle,"50.730918, -114.089462","20.448100, -103.178822",Successful
B7533,Eagle,"51.487158, -129.455814","34.680140, -81.299032",Failed
B7540,Eagle,"58.381732, -138.451302","35.329662, -121.610692",Successful
B7541,Eagle,"47.166344, -72.354849","33.956676, -73.706694",Failed
B7573,Eagle,"51.063833, -69.906282","35.804894, -77.916580",Successful
B7576,Eagle,"47.058937, -100.520369","34.011824, -85.985847",Successful
B7584,Eagle,"64.455735, -134.002160","33.300682, -99.569379",Failed
B7586,Eagle,"46.310451, -94.560860","33.246591, -78.926055",Successful
B7590,Eagle,"52.158500, -85.760130","30.657754, -71.909496",Successful
B7595,Eagle,"51.685401, -80.457373","39.079404, -72.385546",Successful
B7598,Eagle,"65.192021, -138.992562","33.101004, -80.675320",Successful
B7604,Eagle,"58.006715, -119.549743","22.933764, -104.498499",Failed
B7616,Eagle,"47.988507, -85.717500","20.945185, -99.854725",Successful
B7635,Eagle,"46.720468, -95.371174","34.686682, -99.476100",Failed
B7644,Eagle,"63.042486, -135.572471","31.049617, -84.468337",Successful
B7656,Eagle,"48.491799, -84.123605","37.895974, -75.030182",Successful
B7659,Eagle,"46.111544, -86.840076","24.573071, -99.399075",Failed
B7674,Eagle,"68.732935, -152.188161","32.466994, -98.002283",Failed
B7682,Eagle,"59.577462, -133.961987","30.926573, -83.739868",Successful
B7687,Eagle,"55.295431, -129.802406","33.600046, -84.774708",Failed
B7688,Eagle,"65.961955, -154.675144","35.104098, -122.176576",Successful
B7691,Eagle,"53.879614, -117.579541","28.705493, -84.255510",Successful
B7695,Eagle,"64.328220, -133.710981","26.382174, -102.909439",Successful
B7699,Eagle,"45.048774, -97.492988","35.137188, -87.758015",Successful
B7701,Eagle,"58.763595, -127.862576","35.872675, -85.826404",Successful
B7703,Eagle,"61.450343, -137.461304","25.407988, -96.396041",Failed
B7705,Eagle,"53.730674, -67.872780","32.017093, -71.028837",Successful
B7706,Eagle,"51.901082, -82.792791","26.808641, -99.346428",Failed
B7710,Eagle,"55.267912, -112.284243","29.060551, -94.468393",Successful
B7719,Eagle,"46.835199, -73.944315","38.435264, -124.761966",Successful
B7721,Eagle,"65.147014, -134.870185","20.528240, -95.788079",Successful
B7732,Eagle,"56.391173, -118.965459","38.263803, -124.435932",Failed
B7733,Eagle,"42.202968, -88.141503","26.495167, -98.227115",Successful
B7740,Eagle,"44.124983, -97.518395","35.740431, -75.408306",Failed
B7741,Eagle,"60.937924, -143.383004","32.967187, -70.291269",Successful
B7771,Eagle,"64.189836, -139.031634","41.035733, -123.423429",Failed
B7773,Eagle,"54.823458, -121.451889","22.963519, -102.232157",Failed
B7777,Eagle,"57.474805, -127.486014","38.372278, -71.215278",Failed
B7781,Eagle,"57.692707, -127.723766","43.140604, -120.412111",Failed
B7790,Eagle,"65.426028, -137.561163","33.039545, -84.719612",Successful
B7806,Eagle,"52.716532, -73.482378","32.197192, -96.796328",Successful
B7808,Eagle,"60.116073, -137.038375","32.403024, -90.126736",Failed
B7818,Eagle,"54.154746, -77.771905","40.477065, -122.022543",Successful
B7822,Eagle,"55.275715, -112.275375","36.506728, -122.795468",Successful
B7823,Eagle,"53.106477, -112.954709","21.244901, -102.788445",Successful
B7826,Eagle,"54.801844, -66.029131","36.082647, -70.758538",Failed
B7831,Eagle,"55.339889, -122.071638","35.446085, -79.658547",Failed
B7840,Eagle,"63.475430, -149.083857","31.452759, -76.783287",Failed
B7855,Eagle,"60.150461, -141.472754","33.805128, -82.565917",Successful
B7856,Eagle,"45.976968, -89.766536","42.888882, -120.114217",Successful
B7858,Eagle,"52.328160, -70.841104","28.834081, -86.625653",Successful
B7861,Eagle,"52.618070, -122.692568","28.940231, -96.721288",Successful
B7872,Eagle,"54.526882, -117.698622","23.064587, -97.573403",Failed
B7888,Eagle,"59.881930, -144.080625","29.596293, -89.100655",Failed
B7896,Eagle,"55.848869, -126.969806","24.560627, -104.474891",Successful
B7899,Eagle,"57.188042, -128.819390","20.430962, -103.040874",Failed
B7901,Eagle,"55.152772, -123.722725","31.195035, -91.956548",Successful
B7906,Eagle,"64.535092, -136.575387","33.834535, -88.092616",Failed
B7916,Eagle,"53.908970, -128.214050","42.611888, -120.228799",Failed
B7921,Eagle,"58.790464, -138.947899","29.198757, -81.902339",Failed
B7927,Eagle,"44.794925, -90.436683","35.278697, -79.117659",Successful
B7937,Eagle,"53.751446, -71.144687","33.773398, -70.497153",Failed
B7949,Eagle,"51.568148, -113.254329","43.809647, -124.730835",Failed
B7961,Eagle,"50.882937, -74.848198","40.552214, -123.655905",Successful
B7966,Eagle,"61.109664, -151.911825","37.178537, -79.606273",Successful
B7978,Eagle,"46.010132, -98.252676","31.677446, -79.946985",Failed
B7983,Eagle,"69.549237, -130.119673","22.829982, -98.512844",Failed
B7985,Eagle,"54.519494, -83.590619","29.776941, -84.153569",Successful
B7998,Eagle,"47.006702, -89.944406","34.252289, -83.179214",Failed
B8011,Eagle,"53.294556, -110.090087","36.076349, -72.437607",Failed
B8015,Eagle,"54.990572, -120.775114","34.513643, -82.430831",Failed
B8018,Eagle,"43.300374, -98.940021","33.804463, -95.487102",Successful
B8020,Eagle,"60.850206, -140.907484","25.261374, -96.146699",Failed
B8027,Eagle,"54.083858, -128.393823","35.671141, -88.603142",Successful
B8028,Eagle,"55.496150, -129.479061","34.585220, -95.303791",Successful
B8031,Eagle,"49.316381, -72.690958","25.871445, -97.569396",Failed
B8040,Eagle,"43.585545, -99.998763","31.820895, -88.887074",Failed
B8041,Eagle,"68.516181, -133.136262","29.406724, -80.660038",Failed
B8054,Eagle,"68.960327, -138.478424","35.603149, -71.307333",Successful
B8057,Eagle,"57.381619, -113.952386","41.858993, -120.858148",Successful
B8072,Eagle,"54.672943, -110.080935","25.010105, -103.427735",Successful
B8090,Eagle,"47.327583, -103.381956","38.319674, -124.182194",Failed
B8133,Eagle,"69.516404, -145.727214","36.463190, -121.996397",Failed
B8138,Eagle,"45.489382, -79.977943","33.085758, -87.130539",Failed
B8139,Eagle,"60.925121, -130.593665","36.112431, -79.780939",Successful
B8141,Eagle,"45.557449, -78.576763","37.023834, -122.819611",Successful
B8151,Eagle,"56.215286, -125.072582","32.120174, -97.862671",Successful
B8155,Eagle,"58.792534, -113.697653","44.127301, -120.088266",Failed
B8157,Eagle,"45.177858, -73.866581","26.490993, -99.342638",Failed
B8184,Eagle,"51.751665, -119.399507","30.784510, -88.870828",Successful
B8189,Eagle,"49.098955, -88.058037","32.704185, -88.806393",Successful
B8201,Eagle,"50.734010, -86.926141","21.218458, -95.138701",Failed
B8202,Eagle,"59.838093, -149.154352","27.695715, -96.791073",Successful
B8205,Eagle,"66.718443, -152.597156","40.701714, -120.242530",Failed
B8209,Eagle,"50.665513, -80.846539","33.281557, -90.554008",Failed
B8210,Eagle,"45.710861, -91.037159","32.417771, -99.593637",Successful
B8214,Eagle,"52.504508, -66.712147","35.242405, -78.983416",Successful
B8215,Eagle,"47.697515, -67.077622","38.339279, -77.964714",Successful
B8225,Eagle,"43.183710, -101.027458","38.684067, -79.834514",Failed
B8235,Eagle,"66.317069, -137.160875","23.259031, -102.590048",Failed
B8238,Eagle,"50.926582, -124.869218","36.351430, -78.748604",Failed
B8239,Eagle,"54.999813, -129.587124","44.012213, -122.045019",Successful
B8244,Eagle,"46.082006, -89.814432","31.854286, -81.434492",Successful
B8247,Eagle,"51.716640, -72.520710","35.396021, -96.992725",Failed
B8252,Eagle,"64.097986, -143.294808","25.424983, -100.623509",Failed
B8262,Eagle,"51.465796, -129.128401","31.260122, -73.947246",Successful
B8272,Eagle,"69.452382, -151.326223","30.082245, -79.035773",Failed
B8273,Eagle,"62.936135, -145.260815","30.410651, -88.566128",Successful
B8274,Eagle,"58.790890, -141.754778","23.802200, -99.713845",Successful
B8283,Eagle,"55.003994, -129.054676","34.761664, -95.032542",Failed
B8287,Eagle,"49.199101, -76.122208","29.419970, -98.446844",Successful
B8302,Eagle,"49.082289, -75.611783","38.387541, -75.488316",Failed
B8305,Eagle,"47.045050, -89.004441","22.609448, -102.600581",Failed
B8309,Eagle,"68.178493, -139.738861","22.088739, -101.622521",Failed
B8321,Eagle,"66.349590, -144.130852","33.972559, -80.698834",Successful
B8339,Eagle,"65.069183, -143.421999","39.960560, -73.776394",Failed
B8341,Eagle,"48.164543, -85.434673","37.924625, -73.245636",Failed
B8349,Eagle,"59.452720, -122.204330","38.561971, -124.111435",Failed
B8355,Eagle,"46.900660, -93.837208","30.105112, -70.234716",Failed
B8376,Eagle,"42.480155, -99.859364","35.514132, -122.921415",Failed
B8382,Eagle,"47.749390, -103.096205","24.392348, -103.728649",Successful
B8386,Eagle,"59.184549, -140.243624","31.558690, -84.631695",Failed
B8387,Eagle,"65.929031, -141.596969","38.863718, -122.990257",Failed
B8389,Eagle,"47.230676, -69.025610","35.886784, -76.902412",Failed
B8397,Eagle,"58.745461, -149.920482","43.134873, -122.993492",Failed
B8407,Eagle,"57.422998, -122.079537","31.786728, -85.203680",Successful
B8408,Eagle,"62.020299, -148.596374","31.632408, -74.274738",Failed
B8414,Eagle,"56.148586, -120.618745","35.755496, -90.277246",Successful
B8420,Eagle,"43.019562, -87.395253","28.370689, -80.975185",Failed
B8421,Eagle,"47.852074, -89.999662","35.048177, -80.295198",Failed
B8424,Eagle,"52.357114, -110.944414","44.378090, -123.487533",Failed
B8429,Eagle,"45.627225, -85.888114","42.482779, -121.381335",Failed
B8433,Eagle,"65.360504, -132.530089","28.884224, -88.362132",Failed
B8445,Eagle,"46.293026, -89.910861","30.010943, -95.817510",Successful
B8450,Eagle,"54.012068, -82.126083","39.190027, -78.455335",Failed
B8451,Eagle,"60.830541, -152.873285","35.823408, -85.631174",Failed
B8453,Eagle,"46.977984, -70.361466","26.529714, -99.893044",Failed
B8457,Eagle,"52.273537, -79.642576","21.239869, -98.025156",Successful
B8458,Eagle,"44.422697, -89.218024","28.513682, -87.111838",Failed
B8463,Eagle,"47.584148, -90.598539","35.741434, -72.013143",Failed
B8466,Eagle,"47.557789, -80.752100","34.237089, -81.590355",Failed
B8471,Eagle,"51.649461, -72.132463","38.712544, -123.051871",Successful
B8474,Eagle,"58.246451, -112.383890","39.415456, -120.315063",Successful
B8479,Eagle,"53.799773, -125.620398","36.187357, -123.398201",Successful
B8490,Eagle,"59.461406, -128.689300","33.345723, -87.962284",Successful
B8503,Eagle,"65.705324, -143.245767","38.937760, -74.217900",Failed
B8508,Eagle,"69.867199, -144.829617","39.594601, -122.577951",Failed
B8521,Eagle,"48.604565, -66.895026","37.639001, -74.254833",Failed
B8536,Eagle,"68.630690, -152.639098","29.240355, -88.456376",Failed
B8541,Eagle,"57.893746, -118.892567","43.440621, -120.391607",Successful
B8542,Eagle,"53.365095, -115.423351","34.436211, -85.564012",Failed
B8543,Eagle,"46.443562, -94.939861","38.379500, -74.099159",Failed
B8548,Eagle,"62.757056, -138.084138","26.768769, -97.043074",Successful
B8563,Eagle,"58.442234, -144.217006","35.788593, -93.353325",Failed
B8564,Eagle,"49.979175, -85.920947","38.274322, -74.614623",Failed
B8566,Eagle,"58.311863, -120.170288","35.659294, -84.262315",Failed
B8571,Eagle,"45.348529, -72.996906","33.415955, -97.257948",Successful
B8573,Eagle,"67.040995, -136.597525","35.118695, -124.639041",Successful
B8580,Eagle,"50.675601, -114.362851","29.530176, -81.562036",Failed
B8581,Eagle,"55.251517, -129.027121","29.659985, -92.770827",Failed
B8585,Eagle,"68.095427, -143.556340","43.077404, -120.343870",Failed
B8592,Eagle,"46.802293, -65.330881","29.804140, -89.869799",Successful
B8600,Eagle,"45.981497, -73.968357","22.484310, -101.740902",Successful
B8607,Eagle,"68.225667, -153.704462","36.918062, -123.695366",Successful
B8623,Eagle,"68.426469, -138.015498","22.040040, -99.489907",Successful
B8627,Eagle,"58.740290, -114.189023","30.080136, -87.276154",Failed
B8636,Eagle,"59.916696, -121.288797","27.547271, -104.852932",Failed
B8646,Eagle,"53.275108, -85.400988","39.024810, -71.981795",Successful
B8669,Eagle,"68.193274, -134.609837","33.691484, -97.918913",Failed
B8672,Eagle,"52.861865, -78.261961","21.587399, -100.499431",Successful
B8691,Eagle,"55.455326, -128.509689","22.860731, -101.886036",Failed
B8698,Eagle,"45.628773, -76.733180","34.121841, -78.942739",Successful
B8701,Eagle,"45.556350, -90.375720","34.907823, -87.446370",Successful
B8708,Eagle,"53.926466, -78.144883","32.675853, -77.020305",Successful
B8717,Eagle,"46.533257, -78.236851","26.458639, -99.015485",Failed
B8718,Eagle,"65.265865, -132.308048","31.955588, -89.515886",Successful
B8724,Eagle,"56.907352, -118.186540","36.557264, -77.673302",Successful
B8730,Eagle,"62.307180, -145.113989","40.501303, -123.851808",Successful
B8733,Eagle,"53.667079, -114.710402","32.090374, -96.757120",Failed
B8749,Eagle,"54.763982, -115.634870","35.373960, -84.250398",Successful
B8754,Eagle,"57.915251, -129.552376","36.960601, -124.491337",Failed
B8756,Eagle,"54.745826, -77.753776","35.204357, -82.788754",Failed
B8762,Eagle,"49.670319, -70.316695","28.352994, -89.120189",Failed
B8786,Eagle,"50.168939, -110.644124","26.235047, -100.894391",Successful
B8787,Eagle,"51.060863, -67.865326","29.923715, -84.016116",Failed
B8788,Eagle,"57.558937, -112.968121","30.861610, -98.732244",Failed
B8796,Eagle,"53.770258, -83.840043","31.999845, -89.220161",Successful
B8798,Eagle,"51.520900, -126.151936","43.592274, -124.385413",Successful
B8813,Eagle,"48.078237, -76.004913","30.891789, -73.388974",Failed
B8821,Eagle,"54.617657, -119.197146","29.913614, -81.837514",Successful
B8823,Eagle,"49.471540, -86.556718","35.010675, -121.514090",Successful
B8826,Eagle,"54.200128, -84.932335","34.444566, -91.471183",Successful
B8827,Eagle,"69.551445, -131.654849","25.236484, -96.409041",Successful
B8832,Eagle,"56.954875, -117.043523","34.583729, -95.921476",Failed
B8836,Eagle,"60.803285, -138.380398","38.561586, -124.988991",Successful
B8843,Eagle,"43.224581, -93.758912","30.648889, -95.275955",Failed
B8850,Eagle,"56.708403, -123.663418","35.861972, -122.190516",Successful
B8873,Eagle,"52.375749, -87.904927","33.697817, -96.012975",Failed
B8888,Eagle,"45.079366, -65.034239","31.505618, -81.983302",Failed
B8899,Eagle,"44.359156, -97.637886","30.909411, -88.499136",Successful
B8903,Eagle,"46.875079, -89.744165","39.780272, -72.236909",Failed
B8904,Eagle,"49.560083, -85.372054","39.133303, -121.437682",Successful
B8907,Eagle,"52.713846, -110.074271","27.700516, -97.993180",Successful
B8921,Eagle,"43.531319, -85.204514","34.260350, -88.348670",Successful
B8928,Eagle,"58.451467, -127.072990","41.940059, -124.445463",Successful
B8938,Eagle,"64.023552, -143.925250","42.252274, -124.518332",Failed
B8953,Eagle,"45.575620, -80.712910","42.486427, -123.051493",Failed
B8956,Eagle,"53.061917, -73.252515","28.676550, -94.634576",Failed
B8963,Eagle,"51.185349, -67.594729","28.734851, -81.388279",Successful
B9004,Eagle,"50.016962, -116.138182","31.537451, -75.046985",Successful
B9006,Eagle,"59.771233, -117.874890","29.092327, -96.296830",Successful
B9024,Eagle,"54.984681, -85.092625","33.743285, -78.980277",Failed
B9032,Eagle,"61.053638, -131.729603","33.763750, -94.938632",Successful
B9054,Eagle,"54.026060, -126.615089","31.972401, -83.219101",Successful
B9060,Eagle,"50.018615, -122.914090","20.973837, -95.788104",Successful
B9064,Eagle,"52.332286, -110.078726","26.733350, -97.326089",Successful
B9068,Eagle,"50.212468, -115.452848","31.117109, -73.531336",Successful
B9070,Eagle,"58.304326, -113.452973","40.166242, -122.129651",Successful
B9079,Eagle,"43.506934, -100.155262","38.980063, -72.934032",Failed
B9082,Eagle,"47.945536, -95.272267","27.434563, -99.995998",Successful
B9085,Eagle,"42.554386, -97.516817","35.819647, -82.829463",Failed
B9090,Eagle,"44.073344, -91.822074","35.253971, -73.473755",Successful
B9107,Eagle,"47.291736, -93.036233","40.328657, -121.334711",Failed
B9110,Eagle,"51.294993, -120.482534","32.019659, -82.925835",Successful
B9112,Eagle,"45.807920, -75.775291","31.014441, -81.797220",Successful
B9116,Eagle,"52.326749, -121.064608","26.906164, -97.251242",Failed
B9121,Eagle,"59.160431, -126.531927","37.197543, -75.900648",Successful
B9126,Eagle,"54.976570, -79.856557","39.702694, -75.366924",Failed
B9128,Eagle,"59.705195, -126.499620","38.073855, -72.465355",Failed
B9132,Eagle,"57.142029, -126.895441","44.229582, -120.087752",Successful
B9134,Eagle,"54.958450, -84.751517","35.700741, -76.785446",Successful
B9138,Eagle,"45.308225, -102.556968","30.093791, -93.095528",Successful
B9146,Eagle,"60.231335, -144.989351","33.507002, -88.304542",Failed
B9151,Eagle,"50.887696, -84.832478","37.548309, -71.522361",Successful
B9157,Eagle,"45.554990, -102.361474","38.366376, -74.819979",Failed
B9180,Eagle,"49.704228, -77.568284","33.386743, -90.366025",Successful
B9183,Eagle,"66.493503, -137.279786","24.774568, -98.265028",Successful
B9195,Eagle,"50.229734, -124.923012","44.819194, -124.709501",Successful
B9196,Eagle,"52.046434, -128.137665","33.972215, -89.968270",Failed
B9200,Eagle,"58.085325, -114.413767","43.847071, -122.906462",Failed
B9208,Eagle,"50.753234, -87.786550","38.130824, -71.411755",Successful
B9214,Eagle,"45.511017, -99.208011","30.316114, -71.291552",Failed
B9220,Eagle,"47.769774, -87.580914","33.419105, -75.667699",Failed
B9223,Eagle,"56.831671, -122.067978","30.577408, -92.364266",Successful
B9228,Eagle,"64.488518, -140.857161","29.163609, -86.382905",Failed
B9235,Eagle,"43.075790, -97.242964","23.754855, -95.409826",Failed
B9236,Eagle,"43.850754, -102.369317","38.394253, -79.712615",Failed
B9238,Eagle,"50.105578, -70.957704","34.019972, -75.474200",Failed
B9242,Eagle,"52.457610, -119.084380","35.137939, -123.561667",Failed
B9244,Eagle,"42.197368, -85.284774","34.121367, -70.892372",Failed
B9250,Eagle,"53.742939, -66.430840","27.430382, -101.137644",Failed
B9265,Eagle,"64.269240, -149.674746","44.372260, -122.045755",Failed
B9266,Eagle,"50.571031, -123.733455","44.958945, -123.555114",Failed
B9284,Eagle,"67.048823, -137.524998","39.929306, -74.206618",Failed
B9285,Eagle,"57.687887, -129.009862","23.906910, -100.818562",Failed
B9286,Eagle,"51.788060, -66.658980","32.341235, -79.277078",Failed
B9290,Eagle,"44.440233, -88.865884","22.879230, -103.135129",Successful
B9292,Eagle,"59.419844, -112.846151","24.592225, -99.981592",Failed
B9314,Eagle,"68.862137, -133.259832","27.245489, -104.180136",Successful
B9315,Eagle,"45.262378, -85.756246","40.277972, -122.034751",Failed
B9323,Eagle,"53.267963, -86.733195","34.421394, -96.794323",Failed
B9335,Eagle,"63.313512, -152.981407","39.610113, -124.995072",Successful
B9337,Eagle,"58.663680, -139.303556","31.729927, -96.834676",Failed
B9347,Eagle,"53.161834, -73.934334","32.117445, -76.868834",Failed
B9348,Eagle,"50.172109, -124.965095","30.448971, -84.793454",Failed
B9352,Eagle,"62.077821, -137.876396","29.947119, -83.555868",Successful
B9360,Eagle,"62.880373, -146.028977","35.688810, -79.384317",Failed
B9368,Eagle,"64.075209, -148.246897","32.071028, -84.726758",Failed
B9371,Eagle,"45.513509, -67.712847","31.380213, -84.758439",Failed
B9373,Eagle,"64.415925, -148.794121","34.074768, -98.020082",Successful
B9379,Eagle,"43.870611, -102.139162","32.767579, -95.398844",Failed
B9385,Eagle,"54.837038, -126.330671","37.042025, -120.879764",Successful
B9386,Eagle,"52.183624, -112.141397","35.449951, -86.901292",Successful
B9388,Eagle,"46.511602, -104.402378","25.001601, -102.915573",Failed
B9391,Eagle,"53.689115, -85.012313","35.385854, -80.794855",Failed
B9399,Eagle,"45.076390, -70.258802","34.449818, -81.124017",Successful
B9404,Eagle,"55.308962, -121.388054","39.573722, -79.325455",Failed
B9405,Eagle,"53.690737, -115.610344","26.518045, -102.098503",Failed
B9409,Eagle,"54.923893, -87.743711","32.693872, -89.770095",Successful
B9410,Eagle,"49.080253, -78.311928","37.367963, -73.177461",Successful
B9424,Eagle,"67.902296, -135.582702","25.226641, -98.811371",Failed
B9435,Eagle,"56.343249, -123.240816","25.303973, -98.507129",Successful
B9453,Eagle,"52.264022, -86.544787","32.490866, -79.902977",Failed
B9456,Eagle,"64.356494, -141.815667","25.634685, -104.130054",Successful
B9457,Eagle,"59.367500, -133.054041","44.171820, -123.844943",Failed
B9467,Eagle,"61.860911, -153.651756","30.951677, -73.359831",Successful
B9468,Eagle,"67.582688, -143.648850","26.901352, -95.706918",Failed
B9472,Eagle,"68.339847, -142.609906","29.539617, -81.598965",Failed
B9476,Eagle,"57.640214, -120.756314","26.344942, -102.923484",Failed
B9479,Eagle,"46.854317, -91.724067","34.216070, -71.984275",Failed
B9505,Eagle,"48.216798, -89.004608","40.284187, -122.133188",Failed
B9507,Eagle,"53.265211, -72.398666","32.459426, -97.265041",Successful
B9530,Eagle,"52.253495, -82.820724","30.923215, -79.891306",Failed
B9532,Eagle,"69.045827, -146.047615","35.291788, -88.939593",Failed
B9538,Eagle,"54.884311, -110.770211","24.269320, -104.320437",Successful
B9541,Eagle,"46.175769, -94.370501","30.555018, -78.697187",Successful
B9554,Eagle,"60.344383, -148.373890","35.423780, -124.877819",Failed
B9558,Eagle,"64.137600, -135.212595","35.564781, -92.423567",Successful
B9572,Eagle,"55.516040, -123.779534","40.036430, -121.385814",Successful
B9582,Eagle,"51.334894, -65.198898","32.249021, -75.696216",Successful
B9585,Eagle,"53.351304, -113.275241","33.983438, -81.488890",Successful
B9593,Eagle,"54.597540, -112.094319","24.503533, -97.082332",Failed
B9600,Eagle,"68.401472, -132.711734","28.947357, -96.117476",Failed
B9619,Eagle,"54.820689, -119.896555","37.999560, -78.620458",Failed
B9645,Eagle,"62.853943, -152.943473","21.003660, -102.666425",Failed
B9670,Eagle,"69.848550, -154.697451","34.143227, -99.616341",Failed
B9672,Eagle,"46.340474, -93.126296","33.718438, -93.629532",Successful
B9673,Eagle,"53.483602, -80.953588","32.671440, -80.102931",Successful
B9676,Eagle,"54.359674, -117.855596","36.636404, -123.019998",Failed
B9677,Eagle,"51.673828, -123.015027","28.587572, -83.362538",Successful
B9682,Eagle,"69.321006, -150.156602","31.080590, -91.754930",Failed
B9687,Eagle,"42.662943, -104.846970","30.465738, -74.146425",Successful
B9691,Eagle,"49.581351, -88.385401","29.688950, -83.173292",Failed
B9695,Eagle,"56.371553, -123.370999","26.155425, -100.885395",Failed
B9710,Eagle,"46.036311, -102.188480","27.241720, -102.887889",Successful
B9712,Eagle,"54.573662, -67.730757","39.612829, -75.802552",Failed
B9719,Eagle,"57.282178, -119.708361","34.484707, -89.715399",Successful
B9720,Eagle,"52.626407, -122.195692","34.798287, -89.227979",Failed
B9735,Eagle,"45.038525, -86.564069","25.035237, -102.846116",Failed
B9741,Eagle,"53.101829, -80.362498","33.324589, -83.136081",Successful
B9747,Eagle,"53.956175, -110.378887","42.537664, -120.398115",Failed
B9752,Eagle,"44.847307, -103.617329","37.843198, -79.480427",Failed
B9753,Eagle,"51.912080, -66.074882","37.769017, -72.423171",Failed
B9756,Eagle,"47.963434, -77.423077","28.306284, -81.681639",Successful
B9761,Eagle,"59.493317, -129.843748","29.577613, -80.373413",Successful
B9762,Eagle,"45.330802, -68.403030","44.642026, -123.190654",Failed
B9767,Eagle,"50.796046, -86.798078","25.577686, -101.158425",Failed
B9788,Eagle,"69.679401, -153.402398","32.715874, -91.218069",Successful
B9795,Eagle,"45.060184, -102.716214","44.209987, -120.325034",Failed
B9800,Eagle,"63.259495, -152.584233","32.892611, -76.806313",Failed
B9802,Eagle,"42.014033, -87.582555","25.404753, -96.709593",Failed
B9805,Eagle,"47.141668, -76.766167","31.464150, -71.515815",Failed
B9808,Eagle,"60.471775, -133.716486","32.729595, -80.210158",Successful
B9816,Eagle,"65.319438, -133.941899","34.480405, -84.426237",Failed
B9828,Eagle,"51.246921, -75.579760","35.066819, -78.508431",Failed
B9839,Eagle,"45.450214, -69.798449","35.820031, -86.975184",Failed
B9862,Eagle,"42.271964, -98.492799","36.993180, -72.592881",Successful
B9863,Eagle,"67.844404, -131.295233","33.344806, -92.881072",Failed
B9866,Eagle,"47.133951, -91.152414","32.527222, -81.568674",Failed
B9870,Eagle,"51.501498, -81.916017","37.010868, -70.835549",Successful
B9878,Eagle,"58.163759, -144.739582","35.294444, -124.538436",Failed
B9879,Eagle,"52.309113, -70.993791","33.028296, -71.036667",Successful
B9880,Eagle,"68.145682, -131.013840","39.495550, -120.421571",Successful
B9883,Eagle,"50.462917, -125.770818","32.778891, -71.864990",Failed
B9887,Eagle,"54.146000, -120.962535","33.104736, -94.591768",Successful
B9889,Eagle,"54.831543, -113.285039","32.402707, -87.235414",Successful
B9893,Eagle,"52.691412, -120.483866","33.661353, -98.481342",Failed
B9897,Eagle,"45.945490, -87.102741","26.490280, -96.757441",Successful
B9900,Eagle,"43.383261, -85.445750","29.669470, -98.324410",Successful
B9912,Eagle,"50.846760, -78.202249","32.980611, -77.873171",Successful
B9924,Eagle,"51.301033, -85.914302","32.219919, -89.289487",Successful
B9942,Eagle,"44.617031, -99.165754","24.591495, -97.108581",Failed
B9944,Eagle,"44.379086, -97.034102","29.270129, -95.159709",Successful
B9945,Eagle,"58.366078, -145.652396","37.975174, -122.555013",Failed
B9947,Eagle,"46.513497, -96.270021","34.008176, -90.685865",Successful
B9968,Eagle,"52.225282, -84.903785","32.937310, -73.034372",Successful
B9973,Eagle,"43.780288, -91.027075","30.416313, -71.530346",Failed
B9983,Eagle,"66.981767, -135.114802","26.614939, -103.427871",Failed
B9984,Eagle,"46.174048, -92.057427","26.917108, -96.438915",Failed
B10002,Eagle,"63.221136, -144.189715","31.543882, -98.319452",Failed
B10012,Eagle,"44.949462, -91.452666","33.636995, -84.648313",Successful
B10025,Eagle,"60.611372, -137.059799","35.112898, -123.793921",Successful
B10037,Eagle,"57.278979, -112.021910","20.699234, -97.385133",Failed
B10056,Eagle,"50.161359, -120.687782","27.439538, -101.064355",Failed
B10073,Eagle,"63.952512, -142.387703","30.317444, -96.196123",Failed
B10075,Eagle,"68.269524, -146.135922","44.338996, -123.118943",Failed
B10080,Eagle,"50.362627, -119.819061","32.440030, -96.812101",Failed
B10087,Eagle,"62.919512, -146.680170","33.213411, -91.373590",Successful
B10090,Eagle,"44.122635, -98.328072","30.927923, -89.345375",Successful
B10102,Eagle,"49.150090, -68.954086","35.876118, -122.768146",Failed
B10107,Eagle,"49.232836, -83.293227","33.762801, -86.675571",Failed
B10111,Eagle,"53.757310, -71.935607","33.512198, -99.086214",Successful
B10129,Eagle,"56.372327, -128.047617","35.163386, -86.625798",Failed
B10135,Eagle,"52.577588, -69.840813","31.786265, -93.942174",Successful
B10157,Eagle,"69.726365, -143.713173","29.871582, -99.699514",Failed
B10159,Eagle,"49.385240, -87.066869","28.046739, -91.475554",Failed
B10163,Eagle,"58.641309, -123.655145","33.349036, -92.846891",Failed
B10164,Eagle,"57.210008, -118.728806","28.872950, -91.204400",Failed
B10166,Eagle,"64.090945, -142.909521","32.827324, -99.039986",Successful
B10177,Eagle,"45.869660, -99.921527","29.699470, -96.123878",Failed
B10195,Eagle,"42.052699, -89.821702","35.979014, -84.154385",Successful
B10197,Eagle,"55.600446, -111.270938","24.664578, -98.276846",Successful
B10200,Eagle,"57.302641, -127.678402","20.639286, -97.337143",Successful
B10202,Eagle,"49.068812, -66.604986","31.244110, -90.707020",Successful
B10218,Eagle,"60.097522, -135.478930","37.599548, -70.787274",Successful
B10232,Eagle,"46.112134, -90.955721","35.485624, -97.795363",Failed
B10235,Eagle,"48.459394, -83.915567","26.674405, -100.352367",Successful
B10236,Eagle,"58.272416, -126.977814","34.273982, -94.957901",Failed
B10263,Eagle,"59.020108, -115.178033","26.645356, -95.255149",Failed
B10272,Eagle,"54.745582, -127.533402","28.543549, -97.837086",Failed
B10274,Eagle,"53.349214, -125.566622","34.752715, -84.827981",Successful
B10282,Eagle,"53.342028, -71.483118","22.494387, -97.467745",Successful
B10286,Eagle,"66.039453, -133.015867","32.095815, -95.057018",Successful
B10294,Eagle,"47.210868, -85.255238","30.248730, -96.035498",Failed
B10296,Eagle,"52.036838, -112.179755","30.188980, -96.062491",Successful
B10305,Eagle,"56.337324, -111.087290","31.829613, -89.078669",Failed
B10314,Eagle,"47.250663, -80.566154","36.918247, -70.054315",Successful
B10318,Eagle,"67.957227, -143.646073","31.373674, -90.833102",Successful
B10319,Eagle,"58.919642, -120.255334","32.787892, -84.755605",Successful
B10326,Eagle,"65.189883, -130.123789","44.858606, -124.054721",Failed
B10342,Eagle,"54.203478, -123.559445","32.123233, -79.011707",Successful
B10353,Eagle,"52.653153, -116.430114","35.210911, -85.748926",Failed
B10366,Eagle,"50.461498, -117.489249","21.375929, -97.130669",Failed
B10378,Eagle,"62.372455, -150.083251","23.154751, -103.468171",Successful
B10386,Eagle,"56.867034, -127.712243","35.753452, -89.117872",Failed
B10394,Eagle,"57.657172, -129.910285","41.550335, -123.850062",Successful
B10397,Eagle,"60.055894, -149.061449","34.590692, -72.869153",Successful
B10404,Eagle,"63.072863, -146.961307","36.821081, -122.236771",Failed
B10413,Eagle,"60.065222, -135.938713","44.607536, -123.523003",Successful
B10427,Eagle,"53.120113, -122.863680","33.482338, -74.759990",Failed
B10442,Eagle,"55.180045, -121.944622","44.722488, -123.666405",Failed
B10445,Eagle,"45.907861, -66.921796","29.049926, -86.430286",Successful
B10447,Eagle,"52.867149, -72.470183","29.743814, -91.058803",Successful
B10457,Eagle,"64.119724, -149.592642","24.388238, -99.494176",Failed
B10459,Eagle,"42.266305, -85.257314","28.996245, -83.825580",Successful
B10465,Eagle,"47.856933, -85.708520","38.556339, -74.695530",Successful
B10471,Eagle,"43.439653, -86.858601","37.384525, -122.736936",Successful
B10477,Eagle,"59.506511, -116.675271","41.289238, -123.454425",Successful
B10479,Eagle,"62.367587, -143.064355","34.309505, -71.754431",Successful
B10488,Eagle,"47.671239, -100.921112","32.414730, -96.182150",Failed
B10489,Eagle,"54.762610, -83.480262","30.593852, -83.306487",Successful
B10494,Eagle,"51.507781, -78.050780","40.577667, -122.355669",Successful
B10509,Eagle,"66.402372, -148.761015","39.648835, -71.066386",Successful
B10517,Eagle,"46.979869, -89.064087","22.740369, -99.930601",Successful
B10523,Eagle,"49.569328, -83.873953","34.641505, -91.030144",Successful
B10533,Eagle,"63.696507, -143.746734","37.203848, -120.392216",Successful
B10535,Eagle,"47.282652, -87.220013","37.148220, -70.106808",Failed
B10539,Eagle,"51.844668, -74.884825","33.557241, -75.126338",Successful
B10543,Eagle,"47.290969, -86.949374","35.733037, -124.113565",Successful
B10544,Eagle,"47.179741, -69.887222","33.025771, -73.131920",Failed
B10550,Eagle,"59.990567, -143.211386","35.894638, -85.093805",Successful
B10551,Eagle,"46.501574, -85.538937","36.464876, -75.152863",Failed
B10567,Eagle,"53.137463, -111.600237","21.332950, -100.520663",Successful
B10576,Eagle,"45.839668, -99.175546","29.465197, -87.667156",Failed
B10584,Eagle,"64.766681, -144.956114","28.482694, -91.104467",Successful
B10591,Eagle,"43.581610, -103.271420","20.905209, -97.034159",Successful
B10592,Eagle,"61.188703, -147.312017","29.916741, -83.324132",Failed
B10595,Eagle,"69.133507, -148.479864","30.392556, -95.240814",Failed
B10612,Eagle,"43.623561, -87.471539","39.157402, -73.795514",Successful
B10635,Eagle,"56.217146, -119.682355","24.382423, -98.948708",Successful
B10642,Eagle,"52.987612, -125.034559","22.027281, -95.213704",Successful
B10656,Eagle,"58.842842, -154.626462","34.604490, -79.420809",Failed
B10670,Eagle,"42.048410, -103.732109","25.422833, -100.720778",Failed
B10674,Eagle,"57.466411, -115.622194","25.049098, -98.583533",Failed
B10675,Eagle,"61.131144, -130.859303","30.448462, -81.349087",Successful
B10676,Eagle,"51.313759, -82.927714","34.433658, -72.541372",Failed
B10678,Eagle,"57.783323, -113.760621","42.798171, -121.664911",Successful
B10689,Eagle,"55.177819, -126.454909","28.167893, -89.444383",Successful
B10695,Eagle,"68.374871, -154.524497","38.500391, -124.742885",Failed
B10696,Eagle,"65.429330, -153.374917","38.087357, -120.007138",Failed
B10699,Eagle,"45.154621, -91.366825","33.710236, -79.958279",Failed
B10710,Eagle,"54.899136, -89.894089","31.870488, -93.939213",Failed
B10711,Eagle,"46.302226, -95.770834","30.372940, -93.599354",Successful
B10716,Eagle,"51.830584, -89.416275","34.519947, -75.180853",Failed
B10729,Eagle,"56.718688, -118.145931","34.155823, -94.344404",Successful
B10739,Eagle,"57.849409, -115.111279","37.051417, -122.666299",Successful
B10751,Eagle,"57.334929, -122.076792","35.398244, -70.719618",Successful
B10757,Eagle,"58.140764, -126.530318","22.002917, -103.480799",Failed
B10763,Eagle,"47.030027, -95.408415","20.962765, -103.626370",Successful
B10771,Eagle,"53.102001, -68.562176","30.581257, -75.271017",Failed
B10772,Eagle,"46.746627, -101.775544","35.976868, -84.691353",Failed
B10790,Eagle,"50.202100, -110.835532","28.570319, -88.487918",Failed
B10797,Eagle,"65.172924, -139.563202","21.242029, -104.153615",Successful
B10806,Eagle,"45.069236, -79.715746","35.888178, -72.774128",Successful
B10813,Eagle,"47.695268, -66.844205","35.424187, -70.393037",Successful
B10817,Eagle,"55.457428, -119.753154","34.552742, -85.385814",Successful
B10822,Eagle,"59.136548, -128.966726","35.640376, -123.457931",Failed
B10828,Eagle,"55.544503, -115.916858","36.093655, -72.575588",Successful
B10833,Eagle,"42.556507, -90.870574","32.268465, -78.902132",Successful
B10847,Eagle,"62.987683, -144.327516","37.946059, -72.640266",Failed
B10849,Eagle,"42.646969, -87.789320","44.224066, -124.591308",Successful
B10852,Eagle,"46.332315, -65.159782","39.599489, -72.046037",Successful
B10854,Eagle,"47.806732, -92.250962","33.930903, -73.044699",Failed
B10855,Eagle,"59.565287, -127.458873","27.179662, -98.845249",Failed
B10861,Eagle,"65.167222, -132.289392","34.980422, -99.646886",Successful
B10864,Eagle,"45.120467, -97.070224","28.013623, -86.626947",Failed
B10869,Eagle,"42.858393, -94.842281","36.293948, -123.638578",Failed
B10876,Eagle,"52.994098, -68.710954","32.072835, -97.272146",Successful
B10880,Eagle,"52.317488, -112.791406","35.845526, -89.483067",Failed
B10884,Eagle,"59.267572, -149.893478","40.936274, -123.098079",Failed
B10886,Eagle,"54.602101, -78.401992","23.902970, -103.771559",Successful
B10891,Eagle,"42.049563, -100.202080","30.673628, -78.172110",Failed
B10893,Eagle,"49.760178, -65.547124","29.195801, -98.883176",Successful
B10895,Eagle,"52.579379, -82.525546","35.454013, -87.231168",Successful
B10921,Eagle,"46.796681, -90.852972","34.430429, -85.869154",Failed
B10933,Eagle,"53.916997, -128.045702","31.138999, -70.359865",Successful
B10936,Eagle,"48.912917, -87.479820","22.300981, -96.465023",Failed
B10939,Eagle,"47.395959, -90.556718","31.751564, -84.978562",Successful
B10948,Eagle,"46.835034, -80.084815","35.527373, -93.584710",Successful
B10961,Eagle,"58.777958, -113.613574","22.873340, -98.747285",Failed
B10965,Eagle,"55.289458, -115.385392","23.356598, -102.095231",Failed
B10968,Eagle,"45.733837, -96.840636","29.220741, -97.700431",Successful
B10982,Eagle,"54.487468, -70.232813","28.210679, -81.534588",Successful
