Bird_ID,Species,Origin,Destination,Migration_Success
B1001,Stork,"53.117615, 9.051628","8.140155, -9.851585",Successful
B1014,Stork,"43.190361, 40.660401","1.995336, 32.648756",Successful
B1019,Stork,"48.749637, 42.282357","0.753320, 37.916090",Successful
B1023,Stork,"47.774960, 9.549811","-22.193300, 28.490336",Failed
B1026,Stork,"45.285979, 34.829456","17.187779, 76.026111",Successful
B1030,Stork,"44.596113, 26.125945","-22.716558, 26.019398",Failed
B1037,Stork,"30.987817, -6.085321","14.624610, 4.069232",Failed
B1038,Stork,"49.510761, 8.420901","9.951107, -0.643556",Successful
B1045,Stork,"31.861605, 8.015759","8.414746, -4.575688",Failed
B1047,Stork,"34.672263, -2.602381","-23.991276, 27.922380",Successful
B1057,Stork,"53.205986, 20.098263","17.436412, 32.496852",Successful
B1059,Stork,"49.918841, -4.882611","3.402286, 19.876265",Successful
B1067,Stork,"47.721897, 7.222177","21.352275, 78.292641",Successful
B1068,Stork,"41.323511, 35.309665","3.027941, 30.777139",Successful
B1070,Stork,"35.609351, 2.655923","12.175021, 1.896001",Successful
B1072,Stork,"43.419733, 41.031025","-3.105324, 16.245848",Failed
B1078,Stork,"45.083577, 8.695890","8.570190, 1.084247",Failed
B1080,Stork,"46.995748, 61.004231","8.113986, 80.672234",Failed
B1086,Stork,"52.011601, -4.812005","11.344253, -11.812206",Failed
B1092,Stork,"49.310253, 31.861870","15.580541, 31.280615",Failed
B1096,Stork,"35.203349, 30.340348","11.513833, 31.594820",Failed
B1102,Stork,"37.696984, 39.228809","6.429317, 36.548160",Failed
B1112,Stork,"48.722034, 21.368328","11.614775, 1.616438",Successful
B1113,Stork,"37.453473, 30.194303","0.247939, 15.370588",Successful
B1114,Stork,"40.022082, 34.532265","18.510829, 82.687403",Successful
B1125,Stork,"51.530982, 65.514540","1.073602, 33.318999",Failed
B1139,Stork,"47.222389, 29.239078","3.853723, 38.183081",Failed
B1142,Stork,"41.300480, 40.105435","5.607512, 34.747058",Successful
B1150,Stork,"45.751487, 20.794117","18.289335, 31.834213",Successful
B1173,Stork,"41.981506, 29.315889","12.271687, 30.700607",Successful
B1179,Stork,"37.311062, 33.994378","4.998801, 27.947396",Successful
B1181,Stork,"52.057040, 1.322749","-22.331215, 27.787468",Failed
B1190,Stork,"39.016359, 35.127094","15.578465, 32.840816",Failed
B1196,Stork,"45.622010, 64.578016","14.895743, 79.893594",Successful
B1204,Stork,"52.540230, 69.248095","12.942493, 74.671698",Failed
B1205,Stork,"49.878864, 11.536237","15.331401, -2.848954",Successful
B1206,Stork,"44.475673, 35.169491","19.360847, 30.811201",Failed
B1207,Stork,"48.560160, 33.541355","10.477644, 88.690886",Successful
B1208,Stork,"47.094380, 24.285741","16.837092, 30.895592",Failed
B1214,Stork,"35.320129, 34.676363","16.032138, 32.346345",Failed
B1224,Stork,"47.430679, 11.869588","12.704575, -12.945570",Successful
B1237,Stork,"42.046132, 60.811081","14.149562, 83.884866",Successful
B1242,Stork,"40.018244, 32.412674","-3.748604, 20.623066",Successful
B1247,Stork,"45.638106, 27.747742","21.862616, 31.996271",Failed
B1248,Stork,"53.860162, 4.468931","10.992911, -8.652319",Successful
B1261,Stork,"47.386809, 23.434026","12.074500, 30.990829",Successful
B1271,Stork,"41.687182, 38.875907","27.821851, 86.555239",Failed
B1275,Stork,"38.728489, 39.853951","5.817777, 33.236378",Failed
B1283,Stork,"48.291594, 43.122374","-15.145516, 30.337529",Successful
B1291,Stork,"51.890535, -4.771342","12.731366, -12.906361",Successful
B1296,Stork,"38.840672, 30.475815","19.881100, 75.330341",Successful
B1297,Stork,"51.709270, -4.111249","17.557790, 74.726357",Failed
B1299,Stork,"35.454621, 39.297171","8.399264, 30.017476",Successful
B1305,Stork,"48.219525, 39.968015","-22.349721, 25.463572",Failed
B1307,Stork,"52.636664, 64.175573","25.147996, 85.147250",Failed
B1314,Stork,"54.896441, 12.453776","15.915342, -6.885327",Successful
B1324,Stork,"48.915329, 15.688566","11.748000, -7.345185",Failed
B1327,Stork,"50.240762, 57.908532","-18.313647, 29.798437",Successful
B1328,Stork,"48.128532, 21.560005","15.920260, -8.196314",Failed
B1333,Stork,"41.948017, 37.046603","3.977197, 25.536297",Failed
B1343,Stork,"53.262439, 62.917134","19.305370, 85.783218",Failed
B1346,Stork,"46.564417, 37.746837","-26.501116, 23.929543",Successful
B1349,Stork,"49.425025, 24.999088","4.936899, 30.695401",Failed
B1351,Stork,"41.234672, 37.478181","18.834009, 31.742637",Successful
B1367,Stork,"43.487825, 76.137414","-21.257787, 29.978429",Failed
B1369,Stork,"35.150096, -6.504985","1.762148, 19.833725",Successful
B1373,Stork,"34.007164, -2.961840","4.057483, 27.062952",Successful
B1378,Stork,"46.116179, 76.829493","8.772985, 88.584917",Failed
B1397,Stork,"51.435432, 22.960313","10.999227, 31.802449",Successful
B1401,Stork,"35.643996, -1.333129","14.941672, -0.001472",Successful
B1404,Stork,"49.573926, 33.410629","2.428397, 32.530019",Successful
B1408,Stork,"46.244979, 5.249395","8.781948, 2.073520",Successful
B1409,Stork,"49.962962, 24.613210","11.781734, -4.183378",Successful
B1416,Stork,"52.658490, 16.616436","-3.485453, 37.388482",Failed
B1425,Stork,"45.584641, 6.036730","10.423369, 32.629050",Failed
B1427,Stork,"49.391205, 14.860151","9.331938, -1.391040",Failed
B1466,Stork,"41.267115, 41.650774","17.279679, 30.851530",Successful
B1470,Stork,"38.943847, 38.553550","14.479294, 30.077186",Failed
B1472,Stork,"49.681831, 1.888786","9.795275, -9.487164",Failed
B1476,Stork,"41.933649, 30.340676","13.273859, 31.518294",Successful
B1480,Stork,"35.060343, 30.816558","-4.700153, 33.065438",Failed
B1497,Stork,"46.130232, 29.279079","9.163921, 33.452237",Successful
B1503,Stork,"49.502848, 9.531614","12.892371, 1.816117",Failed
B1507,Stork,"48.686911, 20.291609","19.280746, 32.588162",Failed
B1508,Stork,"37.010469, 32.501056","10.989663, 31.411308",Successful
B1509,Stork,"31.448523, 7.390419","10.764154, -13.229414",Successful
B1512,Stork,"45.950135, 22.577306","14.069787, -1.216878",Successful
B1515,Stork,"48.605846, -0.993725","10.970153, -2.026620",Successful
B1520,Stork,"46.215254, 33.534830","-4.198304, 38.209882",Successful
B1523,Stork,"43.212355, 35.414203","-21.103717, 25.798112",Successful
B1530,Stork,"47.160664, 30.794731","2.486963, 31.325286",Successful
B1541,Stork,"44.087043, 33.123049","12.977669, 30.908049",Successful
B1563,Stork,"49.625220, 22.901784","8.572924, -8.290457",Failed
B1571,Stork,"49.596446, 22.266708","14.041822, -5.607100",Successful
B1578,Stork,"34.065978, -9.828897","8.802534, 30.204982",Successful
B1580,Stork,"48.572177, 23.148187","13.260507, -10.236342",Successful
B1585,Stork,"53.273697, -0.595256","0.074504, 28.462948",Successful
B1595,Stork,"47.111644, -2.973729","9.580732, -4.425187",Successful
B1597,Stork,"51.369370, 55.179891","12.891399, 88.083903",Successful
B1606,Stork,"54.596329, 4.898552","21.662335, 30.108314",Failed
B1610,Stork,"40.364837, 77.699681","0.712015, 38.206228",Failed
B1612,Stork,"41.908102, 43.060187","-1.070093, 30.434686",Successful
B1613,Stork,"45.205073, 24.352321","11.265892, 1.218633",Failed
B1616,Stork,"48.465476, 18.576097","-18.057700, 22.616151",Successful
B1623,Stork,"43.177125, 30.757830","-0.577292, 37.319180",Failed
B1629,Stork,"41.579376, 34.440002","18.449933, 31.610477",Successful
B1632,Stork,"48.287258, 5.994421","-2.614451, 11.989584",Failed
B1652,Stork,"36.906710, 36.138827","11.594321, 31.637364",Successful
B1659,Stork,"47.563239, 0.186829","13.696686, 4.203348",Failed
B1664,Stork,"47.168903, 42.512101","14.630977, 31.015501",Failed
B1671,Stork,"46.387788, -4.286607","16.957509, 30.814622",Successful
B1678,Stork,"54.486841, 1.710181","13.844788, -3.256115",Failed
B1690,Stork,"36.462032, -5.212029","9.372651, 1.286699",Failed
B1697,Stork,"47.048502, 24.477782","21.601425, 30.825568",Successful
B1698,Stork,"41.180352, 30.522223","4.543865, 32.616710",Failed
B1702,Stork,"35.010673, 35.086907","10.031190, 31.568405",Successful
B1705,Stork,"42.361752, 28.639382","12.612990, 2.870096",Failed
B1708,Stork,"48.043530, 19.449945","12.532752, -8.511018",Successful
B1715,Stork,"50.881132, 2.101205","12.836819, -12.035309",Failed
B1717,Stork,"45.595054, 41.165137","12.331536, 32.161557",Successful
B1720,Stork,"47.300345, 23.719786","20.535109, 31.810773",Failed
B1741,Stork,"45.645894, 18.198850","7.104221, 35.679649",Successful
B1745,Stork,"49.296156, 23.184866","13.997550, 4.384082",Successful
B1766,Stork,"37.233228, 33.666324","-21.881444, 22.365379",Successful
B1772,Stork,"45.880619, -1.800976","15.694004, 32.931390",Failed
B1773,Stork,"43.746234, 33.343612","20.608938, 30.558359",Successful
B1775,Stork,"43.935196, 31.098069","7.942051, 39.071279",Failed
B1779,Stork,"41.271363, 33.259440","1.204530, 27.741644",Successful
B1792,Stork,"34.042926, -4.969961","8.302312, -14.502853",Successful
B1795,Stork,"39.263453, 33.859036","10.105621, 31.086399",Successful
B1796,Stork,"40.557215, 31.617463","18.062319, 31.715683",Successful
B1804,Stork,"54.522299, -4.359423","-3.359352, 20.773448",Failed
B1808,Stork,"34.567176, -4.352268","-4.431530, 21.908108",Failed
B1816,Stork,"40.547107, 37.698326","10.732396, 30.515605",Failed
B1825,Stork,"42.799295, 40.647495","6.162394, 36.098785",Failed
B1827,Stork,"42.446084, 35.913062","2.310728, 34.247210",Failed
B1830,Stork,"38.971759, 30.938339","12.594324, 30.658317",Successful
B1847,Stork,"44.332076, 72.530465","27.666980, 71.557957",Failed
B1850,Stork,"46.890782, 26.979209","2.168216, 23.029607",Failed
B1851,Stork,"46.796386, 22.976864","8.576612, -13.208006",Successful
B1854,Stork,"41.918220, 30.645107","21.070791, 32.502266",Failed
B1855,Stork,"53.564919, 14.535132","-3.061338, 20.796708",Successful
B1858,Stork,"39.531542, 35.047778","15.665699, 4.629812",Failed
B1860,Stork,"47.315889, 16.675921","8.831362, 1.861759",Successful
B1861,Stork,"44.512529, 32.763024","10.453741, 31.919672",Failed
B1864,Stork,"42.137331, 29.551279","-0.314984, 27.201058",Failed
B1872,Stork,"38.905473, 36.583896","-22.491632, 26.547684",Successful
B1874,Stork,"31.251358, -5.791039","15.349214, -11.818488",Failed
B1919,Stork,"46.703835, 14.239099","21.891658, 79.173175",Failed
B1943,Stork,"48.197730, 36.000809","16.830825, 30.633863",Failed
B1948,Stork,"32.323027, -4.681683","3.758824, 20.152835",Successful
B1959,Stork,"41.782620, 25.927874","17.405916, 32.168098",Failed
B1962,Stork,"45.350483, 39.600371","20.918979, 31.685661",Failed
B1981,Stork,"37.949424, -4.788968","12.347062, -7.398764",Successful
B1993,Stork,"54.776427, -4.837097","9.242057, -1.416403",Successful
B1998,Stork,"49.188830, 31.352177","-3.948906, 22.143043",Failed
B2006,Stork,"51.745631, 10.543198","-2.383280, 15.589493",Successful
B2011,Stork,"48.863372, 6.327817","11.717178, -6.937952",Successful
B2012,Stork,"46.888035, 10.430510","11.153848, -11.415287",Successful
B2031,Stork,"39.022939, 36.977627","15.681102, -8.656309",Failed
B2032,Stork,"46.970449, 26.858057","-4.671195, 30.139666",Failed
B2046,Stork,"48.639150, 12.166940","-17.042786, 22.524483",Successful
B2055,Stork,"42.982657, 37.394882","17.204039, 31.258691",Successful
B2077,Stork,"54.176454, 14.356168","8.407976, -12.639297",Successful
B2082,Stork,"42.531788, 39.768483","23.829239, 74.767318",Failed
B2089,Stork,"38.246887, 31.342531","12.842934, 30.027308",Successful
B2105,Stork,"54.563259, 10.771946","-0.705066, 25.300294",Failed
B2116,Stork,"36.928602, 32.118550","11.973402, 89.337011",Failed
B2125,Stork,"46.200906, 10.687459","11.697016, -4.325175",Successful
B2129,Stork,"47.060819, 24.726125","-3.576377, 15.713314",Successful
B2131,Stork,"49.674582, 73.668181","24.980165, 78.513072",Failed
B2138,Stork,"51.289725, 7.187103","13.747865, 2.332411",Failed
B2144,Stork,"40.041136, 30.767968","0.635537, 17.814689",Failed
B2150,Stork,"46.358938, 0.827357","2.504084, 38.240009",Failed
B2166,Stork,"45.568944, 25.849416","15.514248, 32.300741",Successful
B2180,Stork,"54.004048, -1.442928","8.299975, -9.266034",Successful
B2184,Stork,"32.987021, -8.210920","12.734647, -1.010625",Failed
B2185,Stork,"49.927457, 4.072432","10.390901, 31.176086",Successful
B2187,Stork,"48.892548, 31.216868","2.224602, 13.069458",Successful
B2203,Stork,"51.042631, 24.010760","24.708831, 87.289226",Failed
B2208,Stork,"44.983396, 32.259059","14.470759, 30.499900",Failed
B2210,Stork,"48.788662, 36.243106","3.515335, 36.980179",Failed
B2212,Stork,"52.983633, 10.292492","10.871246, -4.766524",Failed
B2214,Stork,"48.685797, 22.563909","13.186682, 32.817183",Failed
B2224,Stork,"50.969990, -0.972288","15.386003, -3.469701",Successful
B2235,Stork,"33.004726, 5.039017","15.764067, -3.161651",Failed
B2239,Stork,"40.177772, 40.658431","-3.343738, 33.762224",Failed
B2256,Stork,"35.495130, -4.293277","8.273394, -6.660659",Failed
B2257,Stork,"54.457344, 6.014609","13.300625, 0.268938",Failed
B2264,Stork,"49.402906, 15.958824","-3.082729, 36.937526",Failed
B2269,Stork,"37.888915, 30.657213","13.173120, 32.048476",Successful
B2275,Stork,"40.417305, 77.158825","22.773685, 85.319861",Successful
B2286,Stork,"43.109815, 59.547750","8.743924, 77.091389",Failed
B2319,Stork,"36.965738, 3.587245","1.575964, 12.004261",Failed
B2324,Stork,"41.174374, 31.875133","14.809083, 30.399339",Failed
B2328,Stork,"41.233097, 27.440458","12.471530, 31.581373",Failed
B2339,Stork,"45.222040, -1.234092","4.853680, 15.144682",Failed
B2352,Stork,"41.215245, 72.859992","27.429034, 84.221507",Successful
B2354,Stork,"51.477021, 20.944750","16.165612, 32.397434",Successful
B2360,Stork,"45.363960, 16.380673","1.625089, 39.481808",Failed
B2361,Stork,"48.709542, 41.970049","20.959622, 30.211168",Successful
B2368,Stork,"36.382805, 34.243284","16.570402, 31.813351",Successful
B2369,Stork,"51.481124, 2.178034","-4.404912, 27.738583",Failed
B2374,Stork,"54.137157, 2.938666","13.374420, 32.693491",Failed
B2385,Stork,"34.051574, 9.273041","-17.224880, 26.059664",Successful
B2393,Stork,"40.049411, 36.178554","3.611296, 39.616979",Failed
B2395,Stork,"39.421219, 33.273827","-29.161900, 31.022505",Failed
B2396,Stork,"34.240316, 1.291723","1.309373, 11.690487",Successful
B2397,Stork,"35.136891, 32.973004","-4.060390, 12.540551",Successful
B2398,Stork,"50.448252, 18.163718","8.086530, -10.139097",Failed
B2404,Stork,"47.771445, 17.130805","11.543733, 31.270894",Successful
B2422,Stork,"49.815991, 19.945022","9.549591, 33.024056",Failed
B2438,Stork,"53.163324, 19.451530","-24.297632, 27.625432",Successful
B2445,Stork,"54.818003, 58.569893","16.190752, 75.728473",Successful
B2459,Stork,"41.638119, 32.728900","9.087179, 37.678709",Failed
B2465,Stork,"46.803035, 3.761813","19.958988, 30.757836",Failed
B2475,Stork,"31.847606, -3.049819","-19.742156, 29.456586",Failed
B2481,Stork,"35.673899, 3.398705","8.688841, -7.173735",Successful
B2484,Stork,"36.285808, 2.630301","-2.829909, 22.446512",Successful
B2487,Stork,"42.653471, 73.345168","0.186007, 28.325231",Failed
B2515,Stork,"51.414466, 14.481202","12.114622, 0.422796",Successful
B2522,Stork,"52.809536, 69.746306","-18.084193, 23.244257",Failed
B2533,Stork,"46.762119, 10.224534","13.725013, -4.603538",Successful
B2537,Stork,"53.907912, 61.471121","9.913796, 30.544519",Successful
B2556,Stork,"54.147234, 18.586529","-29.827169, 28.379013",Failed
B2563,Stork,"53.608683, 23.161607","11.723261, -7.519172",Failed
B2564,Stork,"36.388646, 1.449341","21.716297, 31.644645",Failed
B2581,Stork,"51.962809, 10.113833","11.697093, 4.467573",Failed
B2583,Stork,"43.947212, 41.564111","-2.991230, 12.186869",Successful
B2589,Stork,"33.714503, -2.908769","8.408749, -14.242243",Failed
B2597,Stork,"47.113311, 41.795990","16.684822, 31.473265",Failed
B2598,Stork,"44.454266, 35.496266","12.399541, 31.152402",Successful
B2606,Stork,"50.215610, -3.728425","8.009876, 32.185922",Failed
B2608,Stork,"49.036644, 19.854602","10.401333, 32.099533",Successful
B2611,Stork,"49.947186, 34.754055","16.016314, 32.831472",Failed
B2633,Stork,"48.123632, 42.978463","11.045742, 32.322348",Failed
B2646,Stork,"53.260405, 9.495391","12.465687, 1.334440",Failed
B2655,Stork,"42.839339, 24.345515","1.355547, 31.732921",Failed
B2667,Stork,"52.535343, 14.052802","12.791780, 3.192212",Successful
B2677,Stork,"46.281065, 34.925704","4.740207, 32.387887",Failed
B2682,Stork,"37.823436, 8.192892","12.297033, -1.203687",Failed
B2688,Stork,"53.281264, 73.077425","26.281897, 77.793216",Successful
B2695,Stork,"48.760964, 33.735268","-25.475737, 21.630962",Failed
B2709,Stork,"42.632159, 62.647829","8.520504, 33.977524",Successful
B2711,Stork,"37.548919, 30.945662","13.621805, 3.073938",Failed
B2714,Stork,"42.548760, 61.448783","9.435851, 80.696366",Successful
B2740,Stork,"51.037313, 15.500702","14.832980, -2.464725",Successful
B2741,Stork,"49.890038, 30.030541","2.287089, 13.205623",Successful
B2746,Stork,"41.599356, 30.907979","-25.062107, 26.600019",Successful
B2749,Stork,"41.705756, 39.090462","4.501707, 39.195957",Failed
B2760,Stork,"54.969171, 23.301659","15.042156, 82.502991",Failed
B2773,Stork,"41.100176, 20.433868","16.757019, 32.188479",Successful
B2803,Stork,"48.570118, 13.887180","-3.163869, 25.851707",Successful
B2814,Stork,"50.135917, 11.748347","-4.449641, 17.935403",Failed
B2815,Stork,"53.146983, 9.960296","2.157204, 21.932582",Failed
B2824,Stork,"50.215480, 69.280741","11.573960, 88.151977",Failed
B2828,Stork,"50.752140, 4.509447","-28.062218, 31.231023",Failed
B2837,Stork,"53.983252, 0.479862","10.101642, -14.438260",Failed
B2854,Stork,"42.499562, 31.603911","16.783191, 32.842532",Successful
B2861,Stork,"36.901910, 34.583978","0.211877, 38.985159",Failed
B2863,Stork,"37.020262, 37.870530","17.637184, 30.217746",Successful
B2871,Stork,"52.332906, 15.134814","-16.064972, 31.213871",Successful
B2881,Stork,"44.832781, 24.752101","-0.664224, 33.327080",Failed
B2894,Stork,"30.536004, 1.919998","-29.312198, 23.266132",Failed
B2895,Stork,"53.884665, 68.484472","21.805077, 30.240569",Failed
B2902,Stork,"48.590569, 38.830330","13.215336, -12.234226",Failed
B2913,Stork,"46.361750, 22.471159","-3.892794, 25.493801",Failed
B2914,Stork,"48.975804, 79.354070","19.663580, 77.193855",Failed
B2916,Stork,"46.334511, 24.584647","4.501423, 28.724216",Failed
B2942,Stork,"50.828374, 0.285546","-22.015465, 24.165825",Failed
B2961,Stork,"31.334321, -9.952024","-2.305937, 16.557004",Failed
B2969,Stork,"41.573958, 36.250278","-2.704095, 14.972927",Successful
B2975,Stork,"46.272667, 34.483858","10.593542, 30.342807",Successful
B2984,Stork,"45.275690, 19.888456","14.585409, 2.651088",Failed
B2993,Stork,"40.891909, 39.801550","2.299508, 38.388038",Failed
B2995,Stork,"47.706386, 19.245348","-3.531437, 14.790309",Failed
B3013,Stork,"48.440235, 6.927158","-26.040305, 24.859863",Successful
B3024,Stork,"30.668295, 6.513679","13.219197, -12.555586",Successful
B3028,Stork,"30.774662, -2.689774","18.886050, 32.029051",Failed
B3046,Stork,"54.405756, 79.472521","3.445505, 10.274443",Failed
B3051,Stork,"51.882389, 9.813849","14.955915, -5.922688",Failed
B3062,Stork,"52.251117, 24.439180","-25.879405, 21.434402",Successful
B3073,Stork,"50.752949, 75.787122","24.423331, 79.876039",Failed
B3074,Stork,"50.086014, 22.581251","1.761552, 28.042756",Failed
B3080,Stork,"40.920130, 26.593321","1.037953, 14.234452",Failed
B3081,Stork,"40.681884, 36.243865","21.515115, 30.543275",Successful
B3082,Stork,"47.701561, 3.423959","18.944907, 30.089586",Failed
B3084,Stork,"36.470845, 9.616060","-3.374614, 30.525195",Successful
B3087,Stork,"47.858291, 9.515123","-3.108763, 31.813390",Failed
B3101,Stork,"42.800380, 22.044246","8.132355, 36.811721",Failed
B3102,Stork,"44.614426, 23.384863","11.484096, 31.879974",Successful
B3105,Stork,"47.500478, 8.463754","8.154604, -13.101116",Failed
B3107,Stork,"42.276336, 65.921396","27.755090, 83.227417",Failed
B3124,Stork,"46.681094, 10.596782","20.701083, 88.224401",Failed
B3135,Stork,"53.038145, 9.392123","10.799113, -8.617367",Successful
B3139,Stork,"44.723468, 37.267094","2.098098, 21.565355",Failed
B3146,Stork,"37.461454, 38.921462","2.216788, 37.452045",Failed
B3147,Stork,"30.203800, -3.917822","11.658576, -9.858383",Failed
B3153,Stork,"40.504722, 44.430468","8.529614, 33.767027",Failed
B3162,Stork,"53.170956, -4.923428","10.739862, 31.747106",Successful
B3170,Stork,"45.142730, 15.428035","11.900909, 32.235723",Successful
B3173,Stork,"50.482508, 22.652630","11.908979, 31.441132",Successful
B3175,Stork,"37.197000, 37.524678","13.096863, 31.833324",Successful
B3185,Stork,"44.603799, 26.732439","-28.052485, 20.158092",Failed
B3189,Stork,"34.565380, -1.992312","15.409073, -1.224843",Failed
B3191,Stork,"48.310997, 2.192325","12.305439, -10.267389",Successful
B3194,Stork,"31.586131, -4.111382","15.591859, 1.748138",Failed
B3203,Stork,"42.762709, 65.944959","0.703272, 17.146508",Successful
B3204,Stork,"43.374974, 22.494918","0.581438, 35.291000",Failed
B3205,Stork,"54.080127, 8.891414","-3.504614, 33.357726",Failed
B3209,Stork,"30.682549, -8.992112","11.488538, -8.199770",Failed
B3231,Stork,"40.249437, 33.183230","16.665044, 32.850564",Failed
B3239,Stork,"45.984825, 11.748412","8.981443, -0.090149",Failed
B3245,Stork,"30.696604, -8.413223","8.770620, 34.184294",Failed
B3246,Stork,"41.656239, 34.744107","18.047814, 30.368856",Successful
B3250,Stork,"36.922131, 33.695578","2.169651, 32.537838",Failed
B3260,Stork,"35.810823, 37.348079","-18.050875, 21.185614",Successful
B3275,Stork,"43.271812, 37.718007","4.836287, 36.234522",Failed
B3289,Stork,"43.184473, 39.383688","8.979869, 32.077896",Successful
B3291,Stork,"52.704879, 78.025615","10.968322, 71.931275",Successful
B3293,Stork,"48.119809, 24.622896","14.342793, 30.223207",Failed
B3300,Stork,"49.206872, 21.709356","-15.362249, 23.258405",Successful
B3301,Stork,"47.661582, 26.280185","-0.893638, 21.730520",Successful
B3310,Stork,"45.268272, 37.973711","-2.521234, 18.442825",Failed
B3316,Stork,"44.867776, 33.521879","21.610241, 31.833261",Successful
B3318,Stork,"35.208733, 30.230298","-3.549141, 27.472584",Successful
B3327,Stork,"47.941143, 32.367891","2.364573, 38.729380",Failed
B3334,Stork,"46.275649, 11.091006","2.576852, 11.717250",Failed
B3344,Stork,"32.951321, 9.676676","-22.384526, 28.476981",Successful
B3355,Stork,"48.467904, 44.494952","2.503679, 28.047210",Successful
B3362,Stork,"48.627675, 31.276789","0.237544, 34.516333",Successful
B3364,Stork,"31.120600, 2.287106","14.860741, -13.045789",Failed
B3365,Stork,"49.633888, 12.364591","8.986991, -3.524574",Failed
B3366,Stork,"44.521159, 36.401217","4.574725, 29.099302",Successful
B3368,Stork,"49.680975, 29.599557","11.668128, 31.803984",Successful
B3369,Stork,"47.877027, 3.601918","12.065494, -10.735764",Successful
B3374,Stork,"51.127961, -1.977617","12.348902, 30.337001",Failed
B3378,Stork,"47.950819, 11.925998","-3.472291, 31.949171",Failed
B3382,Stork,"48.749316, 65.715750","0.083198, 19.013687",Failed
B3391,Stork,"47.464095, 21.553837","15.308055, -2.420918",Failed
B3400,Stork,"42.207371, 55.817432","25.953100, 79.256674",Successful
B3404,Stork,"48.600654, 11.360641","24.337802, 85.131306",Successful
B3416,Stork,"46.011082, -3.068060","15.526949, 30.756500",Successful
B3422,Stork,"52.520228, 58.530687","26.598976, 88.004014",Failed
B3430,Stork,"41.720353, 61.551909","10.871390, 74.958311",Failed
B3437,Stork,"52.337343, 6.730738","11.563149, 32.259476",Successful
B3438,Stork,"48.615815, 31.573762","5.206918, 34.646717",Failed
B3451,Stork,"48.478315, 34.374556","0.190150, 31.717146",Successful
B3456,Stork,"41.091842, 39.965723","9.580534, 31.116913",Failed
B3458,Stork,"49.340255, 74.170814","26.287806, 71.395100",Successful
B3462,Stork,"46.808513, 3.495902","11.107781, 3.265845",Failed
B3463,Stork,"49.232361, 20.477966","11.550759, -14.256124",Successful
B3469,Stork,"47.060893, 34.927230","-0.923765, 33.916826",Successful
B3473,Stork,"49.757344, 28.144179","10.191847, 30.054612",Successful
B3474,Stork,"38.952773, 39.759121","10.580549, 84.277839",Failed
B3478,Stork,"52.509170, 78.914211","14.689945, 88.653420",Failed
B3481,Stork,"45.057071, 21.413922","12.100884, -10.278054",Failed
B3488,Stork,"37.838748, -3.791510","13.981540, -11.617600",Successful
B3503,Stork,"50.963188, 22.845466","11.948140, 4.173926",Successful
B3505,Stork,"47.481943, 56.941814","19.903711, 83.486348",Failed
B3522,Stork,"51.270969, 64.732234","10.484454, -5.325427",Successful
B3524,Stork,"50.902447, 24.295130","17.019487, 30.045443",Failed
B3528,Stork,"37.743872, -8.568735","-4.525393, 23.885287",Failed
B3531,Stork,"43.208592, 44.834807","11.908690, 32.420420",Failed
B3557,Stork,"53.363143, 10.130073","14.919586, 1.502422",Failed
B3561,Stork,"54.197502, 10.992078","12.819405, -3.031910",Failed
B3572,Stork,"45.771700, 40.316735","-1.046978, 32.162037",Successful
B3588,Stork,"38.971708, 34.287288","13.581905, -13.442156",Successful
B3593,Stork,"44.200904, 39.150972","21.937587, 32.087838",Failed
B3613,Stork,"36.618622, 8.221543","12.724685, 2.978855",Successful
B3619,Stork,"51.330159, 78.679882","7.001320, 32.956417",Successful
B3626,Stork,"45.756333, 34.291876","13.948423, 32.932008",Failed
B3642,Stork,"49.022053, 26.792913","12.073244, 31.156623",Failed
B3647,Stork,"50.404376, 0.041606","13.316822, -6.162643",Failed
B3652,Stork,"48.250554, -3.059725","-16.195970, 21.162353",Failed
B3653,Stork,"50.241073, 78.518093","18.683425, 80.359706",Failed
B3660,Stork,"47.856098, 40.286861","3.930036, 39.474706",Failed
B3670,Stork,"53.018571, 18.088151","9.246280, -2.692969",Failed
B3673,Stork,"45.655549, 9.966802","13.030631, -13.862504",Failed
B3677,Stork,"41.942245, 35.189522","20.993151, 30.533897",Failed
B3685,Stork,"53.210496, -4.857106","-25.650602, 26.320761",Successful
B3687,Stork,"41.060870, 34.979036","16.060538, 30.458513",Successful
B3692,Stork,"47.709972, 34.957288","1.759811, 31.994455",Failed
B3695,Stork,"47.401630, 20.091448","12.260658, -14.998962",Failed
B3701,Stork,"43.090418, 74.272125","13.784716, 77.358978",Successful
B3708,Stork,"49.573234, 9.008950","0.980058, 21.614330",Successful
B3719,Stork,"36.386113, -3.547551","11.107554, -7.072646",Successful
B3720,Stork,"48.636682, 2.470217","-3.837649, 12.697153",Successful
B3721,Stork,"43.299193, 61.759501","26.511360, 80.087723",Successful
B3726,Stork,"37.474008, 7.875492","13.969559, -13.590322",Successful
B3737,Stork,"35.863355, 36.109387","12.565547, 30.957572",Failed
B3751,Stork,"31.250585, -3.123032","8.274528, 3.506363",Failed
B3754,Stork,"51.844781, 69.549003","1.826398, 38.306978",Failed
B3755,Stork,"48.406948, 7.813260","-3.964884, 37.081382",Failed
B3761,Stork,"38.008714, 34.924827","19.606415, 71.704878",Successful
B3770,Stork,"54.220457, 57.404618","20.827119, 75.041533",Failed
B3780,Stork,"50.821174, 14.575742","-1.649272, 19.077661",Failed
B3805,Stork,"40.098078, 27.036623","2.165689, 24.535090",Successful
B3808,Stork,"43.532691, 70.386455","13.637470, 82.251996",Successful
B3815,Stork,"30.243671, 8.064214","0.062078, 18.314948",Successful
B3818,Stork,"54.213083, 4.564766","2.377600, 28.191819",Failed
B3826,Stork,"47.891511, 14.619444","13.025874, -5.088971",Successful
B3829,Stork,"45.408635, 22.679926","10.887809, 30.919767",Failed
B3831,Stork,"50.311123, 14.746381","11.871269, -3.840264",Failed
B3833,Stork,"44.811702, 34.711270","-29.084401, 23.631598",Successful
B3840,Stork,"34.204163, 0.450952","1.491650, 21.257928",Successful
B3848,Stork,"50.588871, 20.335939","14.764189, 3.236426",Failed
B3856,Stork,"34.214832, 1.571408","11.756492, -14.946695",Failed
B3858,Stork,"48.115329, 34.231975","5.211020, 32.940356",Failed
B3860,Stork,"47.145791, 70.545597","19.982541, 86.049961",Successful
B3873,Stork,"54.418691, 21.165973","10.249833, -9.511855",Successful
B3875,Stork,"37.050935, 37.220112","16.620642, 30.400516",Successful
B3876,Stork,"43.001201, 40.199984","5.728764, 38.510601",Successful
B3881,Stork,"41.473407, 38.839476","14.793616, 31.156185",Successful
B3885,Stork,"47.280610, 3.006897","-3.178796, 37.411197",Failed
B3886,Stork,"41.696325, 31.298875","-2.249458, 18.643607",Failed
B3891,Stork,"42.316566, 60.717262","-3.664049, 28.243707",Failed
B3898,Stork,"49.700709, 4.195129","18.814287, 71.618989",Failed
B3900,Stork,"37.474344, -6.457868","-3.058301, 24.752593",Successful
B3904,Stork,"46.306731, 24.961173","-1.900425, 12.137804",Successful
B3919,Stork,"50.753661, 22.981227","-0.698873, 34.138622",Failed
B3923,Stork,"35.869860, 39.402933","9.204267, 34.456184",Successful
B3932,Stork,"51.271097, 18.819346","15.446087, 3.604656",Successful
B3934,Stork,"45.827095, 29.689286","15.225664, -11.236197",Successful
B3936,Stork,"44.277637, 31.002746","12.726337, 32.630327",Failed
B3951,Stork,"44.595579, 28.806013","-4.797087, 36.509074",Successful
B3963,Stork,"48.122188, 34.350425","-1.528750, 20.173552",Failed
B3972,Stork,"51.153854, 78.383829","25.593518, 75.276022",Successful
B3980,Stork,"51.348780, 65.068327","26.959932, 82.081801",Successful
B3991,Stork,"48.863734, 3.375654","2.822554, 12.742539",Failed
B3994,Stork,"49.946368, 30.949745","8.985399, -2.749005",Successful
B3996,Stork,"53.815583, 66.323898","26.532298, 72.538985",Successful
B3997,Stork,"42.396473, 57.206057","27.932691, 78.816130",Successful
B3998,Stork,"45.328228, 31.228929","0.963126, 37.595361",Failed
B4002,Stork,"47.005461, 24.758792","15.098495, -4.120582",Failed
B4005,Stork,"32.544521, 8.750630","-24.968742, 25.007536",Successful
B4012,Stork,"43.773277, 74.436534","24.916844, 87.257172",Failed
B4036,Stork,"41.065030, 31.049506","16.074169, 30.897836",Successful
B4041,Stork,"41.860648, 61.999846","11.290344, 89.109267",Successful
B4043,Stork,"45.011398, 8.255229","-2.886221, 10.985515",Failed
B4044,Stork,"31.016024, 7.381478","13.499597, -11.047723",Successful
B4049,Stork,"39.909773, 37.084096","15.113356, 75.576514",Successful
B4050,Stork,"47.042119, 28.991465","11.820825, 31.925411",Failed
B4052,Stork,"34.064005, -9.186199","12.594869, -1.883325",Failed
B4053,Stork,"42.395025, 23.284507","4.670469, 23.404565",Successful
B4054,Stork,"45.320686, 7.757993","10.090644, 30.896843",Failed
B4060,Stork,"34.961135, 3.526965","12.142977, -13.509979",Failed
B4067,Stork,"46.212215, 77.759812","16.931645, 71.865078",Successful
B4101,Stork,"43.617899, 40.197365","12.808700, 31.385840",Successful
B4105,Stork,"42.024499, 24.806268","2.547357, 35.714012",Successful
B4109,Stork,"48.826755, 2.346141","-29.885082, 27.540527",Successful
B4114,Stork,"54.296806, -2.987147","9.044962, 34.498574",Failed
B4116,Stork,"35.700875, 37.349154","-28.703045, 29.266298",Successful
B4117,Stork,"54.684254, 19.382969","3.645308, 28.515280",Failed
B4122,Stork,"44.277163, 20.677940","11.112439, 30.619992",Failed
B4136,Stork,"46.952625, 15.816565","11.614075, -14.137708",Failed
B4142,Stork,"49.380023, 79.862254","26.667198, 79.327697",Successful
B4144,Stork,"47.085122, 43.255638","12.408663, -8.095190",Failed
B4153,Stork,"52.042781, 7.914531","19.974859, 31.816938",Failed
B4158,Stork,"47.882115, 5.742172","-16.531490, 21.995948",Failed
B4172,Stork,"45.739026, 18.055422","10.790712, 0.434686",Successful
B4177,Stork,"48.698610, 36.171655","6.042562, 34.807011",Successful
B4179,Stork,"48.435991, 32.073740","0.566024, 36.399902",Successful
B4184,Stork,"31.746171, 9.934020","8.897791, -3.702139",Failed
B4195,Stork,"40.201797, 34.358778","12.363158, -13.730218",Successful
B4205,Stork,"48.646563, 31.094484","20.806616, 30.913973",Successful
B4207,Stork,"45.388453, 39.149859","-0.149776, 15.603020",Successful
B4219,Stork,"45.819265, 28.964667","14.894887, 30.852942",Successful
B4220,Stork,"42.498620, 65.575351","12.501789, 74.948188",Successful
B4227,Stork,"43.476093, 23.112326","-0.570233, 28.674964",Failed
B4239,Stork,"45.954682, 29.719123","-15.865315, 28.789692",Failed
B4244,Stork,"50.370685, 64.670730","16.449784, 32.584356",Successful
B4246,Stork,"35.707412, 33.108630","6.841703, 35.300130",Failed
B4248,Stork,"48.280986, 35.112794","20.495347, 30.374152",Failed
B4259,Stork,"44.510979, 21.757646","-4.459870, 30.147158",Failed
B4272,Stork,"46.388775, 24.212933","11.148804, 32.148668",Successful
B4279,Stork,"49.597791, -3.296378","15.845717, -7.371443",Failed
B4287,Stork,"53.568503, 19.808078","13.173393, -14.474674",Failed
B4294,Stork,"49.628004, 74.991175","22.731462, 87.709854",Failed
B4309,Stork,"42.661883, 24.237416","-3.950315, 34.126471",Successful
B4317,Stork,"53.893309, 3.415577","1.435088, 27.909552",Failed
B4321,Stork,"42.137261, 33.609750","19.936402, 76.596297",Successful
B4337,Stork,"41.200298, 20.638605","1.215651, 22.618745",Failed
B4338,Stork,"47.694700, 24.717380","14.458114, -13.957709",Successful
B4344,Stork,"54.047175, 7.648989","16.516005, 32.593550",Successful
B4352,Stork,"50.195686, 19.533554","-1.771070, 21.413068",Successful
B4361,Stork,"48.047871, 34.984617","17.486999, 31.738183",Successful
B4364,Stork,"47.498566, 38.738218","-2.398030, 37.853773",Successful
B4365,Stork,"42.022674, 33.694868","1.165797, 11.552620",Successful
B4379,Stork,"50.506498, 22.451215","12.546322, -2.292053",Failed
B4380,Stork,"49.652169, 20.503098","11.945651, 32.254280",Successful
B4383,Stork,"51.765159, 15.972974","12.818460, -0.588335",Successful
B4387,Stork,"47.504325, 42.827289","18.808891, 32.259312",Successful
B4394,Stork,"44.633132, 55.672306","-27.868638, 26.947754",Successful
B4395,Stork,"47.630164, 23.732559","8.783369, 32.743172",Failed
B4402,Stork,"40.094395, 37.314211","10.790367, 31.954024",Successful
B4403,Stork,"45.219905, 23.773739","-3.546124, 12.516148",Successful
B4411,Stork,"47.283466, 28.680460","0.213036, 36.315182",Failed
B4417,Stork,"45.569519, 30.448288","-4.834905, 38.912744",Failed
B4420,Stork,"42.482036, 64.506710","18.504797, 75.761431",Failed
B4428,Stork,"30.148200, -8.977986","0.704876, 20.188509",Failed
B4431,Stork,"37.646037, 37.323004","13.057585, 30.271337",Failed
B4436,Stork,"41.378984, 34.577028","21.994206, 32.770535",Successful
B4442,Stork,"40.524716, 39.675227","10.166396, 30.503458",Failed
B4443,Stork,"39.555384, 36.285414","16.946358, 31.751715",Successful
B4450,Stork,"52.422389, -4.999739","11.460966, 81.670476",Successful
B4457,Stork,"40.963409, 68.299963","21.346841, 72.515558",Successful
B4484,Stork,"48.095868, 28.123386","-17.761353, 28.413139",Successful
B4489,Stork,"45.369234, 28.185822","10.686347, 32.782999",Successful
B4492,Stork,"40.236072, 34.189507","-4.695152, 23.534179",Successful
B4500,Stork,"46.086704, 6.589974","15.087877, -8.526975",Successful
B4505,Stork,"42.169955, 32.700317","20.546853, 79.169125",Successful
B4506,Stork,"50.779119, 14.635897","1.461378, 25.263702",Successful
B4507,Stork,"40.563841, 32.332723","0.164783, 29.988116",Failed
B4510,Stork,"35.688552, 34.412870","13.398285, -9.128943",Successful
B4512,Stork,"49.625346, 43.005263","-3.489841, 31.905623",Successful
B4515,Stork,"45.861527, 14.019292","12.359351, 2.161377",Successful
B4519,Stork,"44.878471, 24.172846","16.180099, 31.834462",Failed
B4523,Stork,"39.172675, 36.782973","14.947963, 32.038715",Successful
B4532,Stork,"54.953470, 18.236163","26.085778, 78.561028",Failed
B4535,Stork,"31.276409, -2.900773","8.427437, -1.694776",Successful
B4537,Stork,"42.441942, 28.457890","-4.803472, 32.801757",Failed
B4543,Stork,"44.773803, 27.375520","-4.753489, 12.669448",Failed
B4553,Stork,"44.266738, 61.538091","16.027189, 83.604589",Failed
B4559,Stork,"37.371008, -0.864549","10.637777, -9.939042",Failed
B4576,Stork,"39.832866, 34.019024","21.404696, 31.077726",Failed
B4583,Stork,"51.906368, 55.470255","15.835373, 71.857482",Failed
B4595,Stork,"40.715144, 39.138802","2.503777, 18.719938",Failed
B4622,Stork,"45.113565, 38.025563","8.380993, 39.784400",Successful
B4625,Stork,"45.549197, 42.538168","-0.527528, 38.627165",Successful
B4634,Stork,"45.829515, -0.269226","12.983296, 1.890141",Failed
B4637,Stork,"48.943573, 24.831230","10.550728, 2.919537",Successful
B4639,Stork,"53.071782, 5.362196","13.974037, 0.141533",Failed
B4645,Stork,"44.486792, 21.950203","16.211733, 31.812960",Failed
B4646,Stork,"49.740254, 68.089475","-15.095414, 27.174022",Failed
B4652,Stork,"50.275620, 20.826712","3.400421, 14.105883",Successful
B4660,Stork,"41.142135, 38.099334","12.533791, 31.789260",Failed
B4663,Stork,"45.832146, 76.941666","9.824080, 73.790655",Successful
B4667,Stork,"48.358829, -2.435268","15.170845, -13.367447",Failed
B4677,Stork,"40.820804, 57.798028","-3.753031, 28.535756",Successful
B4679,Stork,"46.567243, 26.549446","2.436642, 39.509820",Failed
B4680,Stork,"30.352359, 8.801638","-3.041072, 38.722011",Failed
B4682,Stork,"49.471254, 22.516704","14.245867, -6.596484",Successful
B4692,Stork,"43.879001, 36.821584","18.490765, 77.329549",Successful
B4693,Stork,"38.820206, 31.136474","11.802772, 0.382934",Successful
B4695,Stork,"48.281727, 79.217206","12.973388, 74.743306",Failed
B4706,Stork,"40.325664, 38.938158","21.864648, 32.050184",Failed
B4710,Stork,"51.900367, 8.595035","-0.148497, 26.552732",Successful
B4713,Stork,"35.480594, 39.115712","21.635758, 31.330906",Successful
B4720,Stork,"52.310434, 1.252182","27.402118, 83.089658",Successful
B4733,Stork,"50.242283, 13.243670","-19.048373, 29.815882",Failed
B4734,Stork,"52.468593, 5.724364","9.963369, 37.047802",Failed
B4745,Stork,"46.452750, 10.977346","-19.587955, 31.183159",Successful
B4747,Stork,"47.525252, 26.006237","17.379605, 31.222509",Failed
B4755,Stork,"47.382921, 22.772087","10.979877, -3.476083",Successful
B4758,Stork,"33.114834, -4.977174","12.784905, 1.048041",Successful
B4763,Stork,"44.488227, 20.492866","12.777075, 30.508268",Successful
B4764,Stork,"48.370625, 32.641187","25.154204, 73.420532",Failed
B4769,Stork,"30.002323, -5.889748","-0.647792, 35.980610",Successful
B4770,Stork,"54.190303, -4.960570","26.447925, 78.712285",Successful
B4776,Stork,"48.264469, 69.765037","8.739446, 39.793290",Failed
B4777,Stork,"49.673295, 27.975733","14.289484, -5.427967",Successful
B4781,Stork,"53.344680, 3.750309","14.520058, 1.332617",Failed
B4787,Stork,"46.921280, 21.317602","7.663319, 36.399568",Failed
B4800,Stork,"54.491581, 6.425248","12.528823, 0.235917",Failed
B4807,Stork,"50.159591, 17.260083","15.641123, 4.380358",Failed
B4812,Stork,"47.718660, 69.677311","10.395387, 83.563370",Successful
B4817,Stork,"46.267603, 21.131111","21.639787, 31.202663",Failed
B4818,Stork,"30.777231, -8.411739","10.941560, -13.881017",Successful
B4824,Stork,"44.751037, 31.003102","0.871160, 31.837616",Successful
B4837,Stork,"47.772323, 4.794775","-3.896826, 12.050560",Successful
B4839,Stork,"45.120594, 40.982446","1.625368, 39.881989",Failed
B4840,Stork,"45.531468, 21.761433","-19.812145, 27.146026",Successful
B4845,Stork,"43.093961, 77.560743","-19.781150, 21.294096",Successful
B4861,Stork,"49.708680, 0.281002","10.466296, -13.114599",Failed
B4870,Stork,"50.982713, 10.045696","-4.624451, 16.852329",Failed
B4886,Stork,"46.280655, 22.415800","-1.999563, 11.953283",Successful
B4887,Stork,"54.393520, 18.102211","19.985156, 32.168358",Failed
B4894,Stork,"37.221124, 39.234505","16.695787, 30.242400",Failed
B4897,Stork,"47.593399, 39.044242","-0.612702, 28.428468",Successful
B4900,Stork,"44.061500, 25.393706","1.873057, 13.520240",Successful
B4905,Stork,"41.719962, 24.842192","-2.186818, 14.786661",Successful
B4910,Stork,"41.693461, 30.618624","10.514693, 31.535720",Successful
B4921,Stork,"36.490853, 37.063277","10.308893, 31.917583",Failed
B4923,Stork,"37.474056, -5.720129","15.504861, -8.888904",Failed
B4924,Stork,"35.117542, 35.413016","14.825715, 30.315287",Failed
B4938,Stork,"42.198453, 34.765748","14.060914, -5.478501",Successful
B4947,Stork,"49.495414, 33.829030","14.809081, 75.895931",Successful
B4950,Stork,"40.186470, 36.182148","11.432103, 2.642374",Failed
B4957,Stork,"48.084196, 21.466175","14.452928, 2.023438",Successful
B4965,Stork,"40.946382, 30.112025","13.367826, 1.679834",Successful
B4967,Stork,"49.053092, 21.277117","-29.872195, 31.564420",Successful
B4974,Stork,"36.062378, 33.771338","19.376959, 31.257750",Failed
B4980,Stork,"44.826740, 71.206658","27.514358, 78.043046",Successful
B4984,Stork,"45.254813, 18.518532","14.094503, -6.190012",Failed
B4987,Stork,"51.817579, 3.266490","18.050016, 30.916960",Failed
B4988,Stork,"44.491503, 77.248827","22.629219, 73.130233",Failed
B4989,Stork,"48.066099, 24.695227","8.761091, 86.481744",Successful
B4991,Stork,"39.530532, 30.175325","-3.174799, 15.608721",Failed
B4995,Stork,"52.643293, 66.138424","-20.459494, 26.509478",Failed
B5010,Stork,"49.035289, 35.485130","-26.957358, 28.907287",Successful
B5015,Stork,"49.743008, 36.223130","19.600468, 70.124698",Failed
B5026,Stork,"46.624261, 16.210996","17.934026, 81.996719",Successful
B5036,Stork,"44.384869, 44.836370","3.001768, 35.865718",Successful
B5037,Stork,"54.351149, 23.375714","9.306621, -8.183248",Successful
B5072,Stork,"53.326156, 18.142380","10.216474, -2.081917",Failed
B5074,Stork,"44.226975, 78.535221","14.022557, 73.327454",Failed
B5078,Stork,"42.987521, 28.870739","16.297283, 31.749744",Failed
B5084,Stork,"50.530135, 2.961815","-0.904639, 19.172782",Failed
B5097,Stork,"48.137617, 15.239810","21.743487, 32.320803",Failed
B5101,Stork,"47.526216, 44.833769","8.578483, 32.744748",Failed
B5105,Stork,"52.602658, 17.172073","-16.221960, 21.535698",Failed
B5110,Stork,"48.048674, 6.027257","12.144366, -0.973363",Successful
B5111,Stork,"40.707635, 43.464613","4.916095, 23.257223",Failed
B5114,Stork,"36.294134, 30.256711","11.103043, 72.849563",Successful
B5137,Stork,"33.937564, 9.593355","11.395119, -8.893744",Successful
B5139,Stork,"47.781280, 64.708030","23.143021, 70.822959",Failed
B5152,Stork,"42.975935, 73.363253","12.976514, 84.509879",Failed
B5170,Stork,"39.491798, 33.768785","8.199083, 35.891489",Successful
B5175,Stork,"51.228420, 21.652824","0.083444, 32.296695",Failed
B5184,Stork,"46.078043, 40.077745","-24.562414, 28.749894",Successful
B5185,Stork,"30.640476, -6.378668","12.511289, -5.843166",Failed
B5189,Stork,"50.638090, 74.051474","18.411884, 88.136593",Successful
B5190,Stork,"47.865793, 79.321497","13.308261, 78.487792",Failed
B5200,Stork,"36.372531, 33.427859","-1.143460, 30.438631",Successful
B5201,Stork,"39.767792, 38.069192","-1.896090, 16.353694",Failed
B5205,Stork,"51.815593, 63.318364","11.184210, 83.341117",Successful
B5208,Stork,"43.271798, 30.459925","-2.769225, 26.011328",Failed
B5213,Stork,"46.702052, 11.978499","2.685357, 38.166566",Successful
B5217,Stork,"40.816220, 67.122620","9.542109, 77.838364",Successful
B5219,Stork,"46.378012, 28.791003","12.457242, 32.476419",Successful
B5232,Stork,"46.465161, 28.044545","17.362643, 31.547151",Successful
B5233,Stork,"53.261137, 19.766889","-20.314516, 31.292487",Failed
B5237,Stork,"49.838835, 79.681884","12.011409, 85.726812",Failed
B5247,Stork,"41.233535, 37.804881","-26.607388, 23.627565",Failed
B5269,Stork,"30.846363, 6.026932","8.414512, -11.293147",Failed
B5274,Stork,"52.537282, 64.566976","24.369402, 74.522284",Failed
B5276,Stork,"46.157843, 23.472743","4.692803, 18.226392",Successful
B5284,Stork,"40.513509, 77.685485","23.797610, 81.577077",Successful
B5288,Stork,"43.580301, 42.197600","-1.397455, 29.127549",Failed
B5311,Stork,"52.320512, 61.450422","25.560767, 78.161757",Failed
B5313,Stork,"46.837007, 13.015744","21.191819, 30.841741",Failed
B5316,Stork,"52.052024, 6.360056","14.238031, -10.462164",Failed
B5319,Stork,"53.372988, 8.906735","7.311056, 32.739909",Successful
B5327,Stork,"47.189153, 5.704199","25.296292, 82.985419",Successful
B5332,Stork,"50.129703, 3.258139","9.317895, -2.088867",Successful
B5341,Stork,"47.456040, 35.208733","-20.985124, 21.104915",Successful
B5345,Stork,"44.665826, 36.698495","-0.117862, 34.934971",Successful
B5356,Stork,"40.351294, 38.386925","11.422303, 78.388724",Successful
B5362,Stork,"36.891760, 3.669440","12.894078, -4.418473",Failed
B5365,Stork,"42.131432, 29.148541","2.594539, 13.319667",Successful
B5369,Stork,"41.502110, 35.356820","1.817043, 36.600714",Successful
B5375,Stork,"47.749692, -1.732021","26.894273, 85.391999",Successful
B5376,Stork,"47.180895, 17.343774","11.170148, -13.767922",Successful
B5377,Stork,"48.597948, 5.538205","6.888863, 39.338201",Failed
B5382,Stork,"37.071385, 35.853657","18.056157, 78.632990",Successful
B5400,Stork,"49.356800, 1.717944","11.213316, 1.390552",Successful
B5405,Stork,"45.033148, 17.335109","13.570505, -1.823143",Failed
B5411,Stork,"52.407398, -4.825137","9.854029, 4.424798",Successful
B5440,Stork,"50.717144, 5.078205","13.507519, -7.417982",Failed
B5458,Stork,"52.752412, 13.144214","11.173059, -8.970257",Successful
B5466,Stork,"49.107149, 21.131229","4.416792, 21.833085",Successful
B5470,Stork,"46.894222, 26.240989","17.401741, 30.498930",Successful
B5479,Stork,"36.627603, 39.890598","10.025829, 30.018923",Failed
B5487,Stork,"39.215628, 38.152572","4.354453, 14.438430",Failed
B5501,Stork,"45.338367, 12.684104","2.350577, 20.883970",Failed
B5503,Stork,"45.516482, -1.742908","-0.564453, 24.781974",Failed
B5510,Stork,"50.478259, 7.847248","-0.996888, 34.624097",Successful
B5544,Stork,"46.460727, 70.505895","8.035057, 71.116909",Failed
B5546,Stork,"54.026346, 4.057473","-15.587159, 30.784920",Failed
B5547,Stork,"44.574553, 20.794013","12.302542, -1.742780",Successful
B5551,Stork,"52.641968, -3.816681","8.669780, -4.465211",Successful
B5553,Stork,"39.340846, 38.351845","0.069603, 34.403051",Successful
B5559,Stork,"52.810353, 6.953690","10.744909, -2.509467",Failed
B5564,Stork,"50.089728, 18.132130","14.831941, 3.953141",Failed
B5574,Stork,"48.649887, 76.918492","2.402702, 29.617711",Successful
B5592,Stork,"49.321377, 17.463492","14.320036, -4.705710",Failed
B5595,Stork,"41.515123, 68.259960","11.735042, 76.528055",Successful
B5604,Stork,"37.246615, 4.869185","13.389746, -14.343405",Failed
B5605,Stork,"41.052186, 34.460516","19.546660, 32.527105",Successful
B5606,Stork,"50.532958, -1.671929","5.677140, 37.608113",Failed
B5614,Stork,"50.479799, 10.024078","11.390380, 0.207494",Failed
B5623,Stork,"36.481818, -7.528111","-1.498848, 29.063574",Successful
B5636,Stork,"41.876671, 36.148118","-1.442197, 31.836534",Failed
B5639,Stork,"48.081612, 23.131295","17.321860, 32.860258",Successful
B5645,Stork,"48.925152, 22.616751","-20.108723, 27.621595",Successful
B5648,Stork,"42.270615, 40.362775","18.263639, 31.982583",Successful
B5655,Stork,"44.556820, 64.021445","21.113051, 87.948255",Successful
B5662,Stork,"44.486720, 27.057711","6.006273, 31.414487",Successful
B5664,Stork,"47.933457, 36.569726","-4.632096, 34.613570",Failed
B5671,Stork,"36.593561, 32.909412","4.333930, 33.816896",Failed
B5681,Stork,"47.654089, 23.644822","16.281850, 32.507531",Successful
B5689,Stork,"48.246950, 41.475618","20.045030, 30.617344",Successful
B5692,Stork,"48.023284, 19.525830","-3.389097, 23.365227",Failed
B5694,Stork,"38.381035, 34.741328","-0.638250, 34.343358",Successful
B5695,Stork,"33.310256, 1.873671","10.404208, 31.175804",Successful
B5697,Stork,"36.549083, 38.945866","-27.447295, 21.843570",Successful
B5701,Stork,"37.274033, 30.659659","15.262584, 30.100413",Successful
B5703,Stork,"36.863896, -7.723419","2.128439, 14.423961",Failed
B5713,Stork,"47.919417, 36.141097","-4.993314, 29.431041",Successful
B5724,Stork,"54.024187, 9.323681","-0.500385, 19.417019",Successful
B5733,Stork,"49.769881, 0.023508","-3.612678, 37.088853",Failed
B5735,Stork,"53.408692, 19.024529","13.240847, -1.564286",Successful
B5739,Stork,"41.919560, 34.255192","11.013828, 72.914699",Successful
B5741,Stork,"43.923475, 65.656058","27.263585, 88.722076",Successful
B5745,Stork,"41.782075, 62.150743","26.014995, 87.553204",Failed
B5747,Stork,"46.343551, 27.170502","-4.141022, 28.347479",Failed
B5750,Stork,"41.739851, 30.668179","4.766656, 39.940944",Failed
B5752,Stork,"42.424794, 25.328650","4.203380, 38.863731",Failed
B5771,Stork,"46.181903, 43.434426","-2.435636, 33.811136",Failed
B5774,Stork,"31.467504, 5.070530","12.281189, -13.295201",Successful
B5777,Stork,"48.404049, 10.805814","13.015130, -11.053309",Successful
B5780,Stork,"41.068322, 31.537535","12.500958, 30.162978",Failed
B5791,Stork,"43.900057, 79.602305","14.757064, 75.183138",Successful
B5798,Stork,"52.143750, 24.956735","16.968540, 31.360076",Successful
B5801,Stork,"52.373797, -3.478832","13.707268, -11.117455",Successful
B5803,Stork,"53.928993, 14.000057","10.134717, -14.971826",Failed
B5805,Stork,"51.649496, 67.800480","9.607744, 76.256288",Failed
B5810,Stork,"53.794646, 67.797366","-22.730296, 21.833049",Failed
B5814,Stork,"42.821088, 33.846467","20.737321, 30.769066",Failed
B5820,Stork,"52.722656, 16.786112","11.005979, 75.197147",Failed
B5833,Stork,"51.905466, 59.090579","5.820604, 31.711528",Failed
B5836,Stork,"40.831538, 30.497542","13.202414, 70.279691",Successful
B5842,Stork,"51.399669, 23.381895","12.292690, -1.676694",Successful
B5845,Stork,"45.566054, 22.962245","4.862616, 37.004371",Failed
B5856,Stork,"33.941972, -8.260649","21.249400, 32.668651",Successful
B5857,Stork,"53.308907, 6.590351","20.033069, 80.685313",Successful
B5888,Stork,"48.385705, -4.416971","4.687369, 31.803878",Successful
B5891,Stork,"54.937789, -0.397439","10.390709, -7.759010",Successful
B5899,Stork,"49.259605, 3.490522","-4.459308, 23.179271",Failed
B5900,Stork,"45.872568, 20.943714","-22.103186, 31.234084",Successful
B5903,Stork,"48.922678, 13.685254","-1.393641, 24.745453",Successful
B5905,Stork,"46.288568, 29.266642","17.718564, 30.269294",Successful
B5910,Stork,"53.343189, -0.133665","14.662669, -9.588474",Successful
B5923,Stork,"44.781462, 34.831942","12.870123, 31.580929",Successful
B5924,Stork,"49.433532, 23.240891","-20.734923, 20.643859",Successful
B5940,Stork,"40.882571, 42.175357","3.712574, 39.686856",Failed
B5948,Stork,"41.988515, 33.502648","14.733116, 30.082347",Failed
B5953,Stork,"41.762653, 34.716404","4.388537, 24.289267",Failed
B5957,Stork,"49.565873, 18.304970","3.187178, 15.396468",Successful
B5959,Stork,"41.649047, 36.712080","20.824228, 32.440553",Successful
B5960,Stork,"48.221031, 12.214584","10.569639, -13.005581",Failed
B5966,Stork,"47.429039, 42.103196","-4.347051, 37.468323",Failed
B5976,Stork,"48.103947, 21.505354","-19.706526, 27.804918",Failed
B5980,Stork,"50.163320, 2.392487","0.583087, 29.100086",Failed
B5993,Stork,"44.242868, 76.852544","-22.809216, 31.215081",Failed
B5994,Stork,"48.641201, 26.180541","-26.599142, 23.185805",Successful
B6007,Stork,"41.945376, 27.605727","9.982480, -9.900304",Failed
B6009,Stork,"50.230225, 14.235435","10.189393, 3.082414",Successful
B6013,Stork,"54.323516, 6.147972","10.192461, 4.079228",Successful
B6020,Stork,"49.682959, 21.031924","-2.769677, 34.573569",Failed
B6021,Stork,"47.624922, 9.121173","-19.739974, 20.281407",Successful
B6037,Stork,"46.909651, -3.297150","11.734604, -11.931738",Successful
B6043,Stork,"39.266753, 31.595418","14.325186, 31.544142",Successful
B6048,Stork,"46.195645, 65.210662","23.861397, 82.596954",Successful
B6057,Stork,"48.996718, -1.437231","19.765072, 82.696457",Failed
B6060,Stork,"45.890747, 24.175747","1.910692, 37.363655",Successful
B6063,Stork,"42.588989, 36.534256","7.908102, 32.887043",Successful
B6070,Stork,"47.115713, 14.183434","13.649712, -1.318078",Failed
B6074,Stork,"47.427531, -1.517469","14.359162, -14.753523",Successful
B6085,Stork,"42.228976, 36.089493","-17.359617, 21.195050",Failed
B6089,Stork,"49.618440, 76.645449","18.108222, 76.590895",Failed
B6096,Stork,"36.888846, 35.859821","16.538170, 31.023636",Successful
B6108,Stork,"51.988919, 67.057489","-2.608144, 26.591585",Failed
B6119,Stork,"44.263607, 66.847232","-0.229444, 35.634662",Failed
B6124,Stork,"41.235627, 33.610657","-2.247251, 32.280769",Failed
B6125,Stork,"43.116239, 23.050663","1.152633, 38.783885",Failed
B6126,Stork,"45.666233, 14.196362","14.820991, 3.763338",Successful
B6130,Stork,"37.349550, 6.323590","10.633366, -5.983797",Successful
B6150,Stork,"32.277518, 9.747998","-28.367199, 20.977571",Successful
B6173,Stork,"49.535293, 2.578565","0.498301, 20.501093",Successful
B6174,Stork,"47.288375, 31.267318","7.281695, 31.526444",Successful
B6186,Stork,"48.490037, -4.343425","1.319164, 39.672639",Successful
B6212,Stork,"39.646161, 32.004938","-2.703788, 19.655509",Successful
B6213,Stork,"49.144942, 27.492643","1.352912, 32.394430",Successful
B6219,Stork,"52.822713, 74.559749","24.887202, 87.387034",Successful
B6228,Stork,"48.435947, 32.790989","8.249957, 35.292334",Failed
B6229,Stork,"50.330196, 22.752638","13.086934, 30.987315",Successful
B6234,Stork,"35.348589, 31.907262","16.777838, 31.176587",Successful
B6243,Stork,"40.451800, 36.181300","-4.056422, 32.281370",Failed
B6261,Stork,"41.163589, 67.108273","12.471714, 85.681596",Successful
B6266,Stork,"42.564619, 36.821634","21.396157, 32.361584",Failed
B6268,Stork,"34.876112, 7.233422","14.770462, 2.591034",Successful
B6269,Stork,"47.252653, 5.494219","1.916556, 30.628476",Failed
B6285,Stork,"50.470751, -0.717532","-19.180533, 25.731839",Successful
B6286,Stork,"42.045923, 74.873409","27.374776, 80.789961",Failed
B6289,Stork,"45.325118, 6.720547","3.669193, 25.013366",Successful
B6295,Stork,"45.924101, 22.989356","-26.769227, 20.741921",Failed
B6301,Stork,"32.951502, 4.230752","14.793830, -4.424251",Successful
B6318,Stork,"41.415906, 79.688158","-28.450250, 27.225239",Failed
B6321,Stork,"47.465088, -2.298289","13.792457, -6.524905",Successful
B6331,Stork,"44.197292, 28.124297","-16.597895, 21.677970",Successful
B6347,Stork,"33.069507, 8.225556","10.863805, 1.926534",Successful
B6353,Stork,"43.868830, 21.310390","15.421437, 1.362540",Failed
B6358,Stork,"37.979986, 38.295388","-3.936229, 14.717375",Failed
B6367,Stork,"49.751744, 29.875228","15.535882, 80.791086",Failed
B6379,Stork,"40.921606, 43.266166","24.921529, 88.175758",Successful
B6383,Stork,"42.308132, 33.974945","4.273898, 30.925120",Successful
B6384,Stork,"37.301083, -3.970339","2.487178, 15.030665",Successful
B6386,Stork,"40.934682, 56.799361","-19.151012, 25.584175",Successful
B6404,Stork,"51.562948, 16.997975","10.112337, 30.944843",Failed
B6406,Stork,"53.704614, -4.514654","11.566879, -0.639360",Successful
B6409,Stork,"47.730032, 32.520317","3.223971, 25.569519",Successful
B6423,Stork,"42.649135, 40.883817","8.381974, -10.159694",Failed
B6428,Stork,"48.061850, 72.752814","14.025918, 87.322752",Failed
B6432,Stork,"48.926987, 14.511593","13.746640, 1.519939",Failed
B6436,Stork,"35.305279, -4.983729","14.273486, -13.852632",Successful
B6440,Stork,"38.337970, 36.137590","7.648888, 31.761048",Successful
B6454,Stork,"54.833308, 13.669373","21.410927, 30.657971",Failed
B6459,Stork,"35.120521, 30.024831","15.829188, 31.903525",Failed
B6462,Stork,"48.480108, 2.801190","12.554851, 3.162966",Successful
B6469,Stork,"45.897901, 9.606955","7.919394, 39.950866",Failed
B6476,Stork,"37.829655, 7.567254","-2.789354, 14.093833",Successful
B6483,Stork,"44.923642, 21.674870","-28.871269, 21.121463",Failed
B6508,Stork,"53.959451, 68.472911","24.267210, 88.350766",Successful
B6531,Stork,"47.177652, 8.171290","13.780690, -5.708148",Successful
B6532,Stork,"33.908500, -0.054518","15.172105, -2.418785",Successful
B6545,Stork,"54.371551, 18.927171","27.083290, 72.250177",Successful
B6548,Stork,"36.477335, 5.832740","12.902031, -1.713992",Failed
B6550,Stork,"36.672716, 36.919453","22.266379, 72.635616",Failed
B6554,Stork,"37.596533, 33.262851","-0.785785, 15.346690",Failed
B6563,Stork,"44.821606, 31.386735","11.430520, 30.561091",Successful
B6569,Stork,"40.741989, 79.864471","22.899078, 72.973828",Successful
B6570,Stork,"32.677038, 5.018207","21.284666, 30.795757",Successful
B6587,Stork,"31.978434, 5.558996","-2.474496, 20.874331",Successful
B6594,Stork,"47.862887, 13.380323","15.390741, -14.553025",Successful
B6597,Stork,"45.116922, 34.311412","7.946385, 31.321187",Successful
B6600,Stork,"48.452523, 18.207354","9.483088, -8.846379",Failed
B6601,Stork,"48.223797, 38.019372","0.242302, 28.012943",Successful
B6602,Stork,"50.298117, -2.813527","17.477877, 74.150687",Successful
B6611,Stork,"50.072565, 13.835239","11.611792, -5.723291",Failed
B6618,Stork,"42.447738, 77.574646","-4.826786, 30.895994",Successful
B6642,Stork,"40.336789, 33.781473","0.680994, 13.287811",Successful
B6656,Stork,"47.920566, 23.739909","11.249834, 31.284213",Successful
B6666,Stork,"45.251552, -0.346939","11.961156, -14.159782",Successful
B6682,Stork,"49.889644, 18.717566","0.376899, 20.979262",Failed
B6684,Stork,"47.485970, 20.003259","1.464338, 36.381594",Successful
B6688,Stork,"40.880923, 20.046550","3.667634, 32.550562",Failed
B6700,Stork,"32.417107, -5.073493","14.336023, 2.520121",Successful
B6757,Stork,"46.389617, 40.939048","-0.922632, 34.185805",Failed
B6760,Stork,"52.799085, 24.562114","11.532558, -6.805607",Successful
B6768,Stork,"38.377629, 38.578275","15.430616, 31.435901",Successful
B6792,Stork,"46.340095, 22.190084","-21.929225, 27.964330",Failed
B6795,Stork,"40.607856, 42.274675","21.003904, 31.792715",Successful
B6797,Stork,"50.827833, 23.069325","-3.462209, 13.826557",Successful
B6798,Stork,"54.138981, -1.972801","-27.969566, 22.795305",Successful
B6808,Stork,"45.759313, -0.792352","8.005829, -0.058805",Successful
B6821,Stork,"53.169404, 18.589774","9.591461, -0.290105",Successful
B6823,Stork,"52.337710, 11.457645","10.799032, 0.764377",Successful
B6824,Stork,"45.993287, 66.425497","26.223854, 73.995183",Successful
B6836,Stork,"53.308600, 59.971614","13.055911, 85.798097",Failed
B6838,Stork,"45.679004, 79.964643","-0.736737, 17.899115",Successful
B6843,Stork,"50.106288, 4.383852","9.522779, 4.533909",Failed
B6852,Stork,"50.377505, 4.748678","18.790234, 31.105769",Successful
B6857,Stork,"43.031749, 57.802295","14.573170, 83.516832",Failed
B6861,Stork,"52.389087, 58.302161","25.900548, 74.207002",Failed
B6864,Stork,"43.519852, 72.921448","10.688650, -13.577865",Failed
B6874,Stork,"40.380274, 69.091557","11.371916, 87.790082",Successful
B6881,Stork,"49.941411, 42.248206","14.138658, 31.972792",Successful
B6894,Stork,"45.739839, 32.998363","18.416214, 30.178615",Successful
B6896,Stork,"47.687342, 10.661126","9.081394, -3.822597",Successful
B6903,Stork,"52.113532, 72.848346","10.311873, 80.369955",Failed
B6922,Stork,"48.255697, 37.288544","-19.241074, 31.810890",Failed
B6928,Stork,"41.039385, 25.197539","-3.790516, 25.868611",Successful
B6936,Stork,"53.211497, 8.899143","2.255313, 13.478030",Failed
B6940,Stork,"44.341955, 78.299049","10.700896, 85.370425",Failed
B6943,Stork,"30.442336, 1.850901","1.666415, 28.120318",Successful
B6944,Stork,"49.844840, 65.203754","10.726268, 86.205020",Failed
B6946,Stork,"52.223014, 16.850812","9.871402, -13.347331",Successful
B6957,Stork,"38.787346, 33.735477","10.822534, 31.117956",Successful
B6977,Stork,"50.764726, 24.409690","8.824231, -13.688142",Failed
B6978,Stork,"47.427423, 5.077271","12.396263, -14.333725",Successful
B6995,Stork,"51.115638, -3.722002","13.153635, -0.120593",Failed
B7004,Stork,"47.222058, 67.462213","25.090459, 87.428331",Failed
B7013,Stork,"43.266002, 42.269970","15.771775, 31.446853",Failed
B7026,Stork,"54.491808, 1.575411","13.514134, 0.834063",Successful
B7037,Stork,"50.938331, -2.405700","1.271826, 26.126937",Failed
B7044,Stork,"51.555293, 4.056643","13.146659, -9.538972",Successful
B7051,Stork,"36.638298, 1.134628","13.735760, -13.417837",Successful
B7053,Stork,"50.132991, 8.271549","9.700350, -11.160129",Failed
B7057,Stork,"41.465563, 37.742352","18.386063, 87.400297",Successful
B7072,Stork,"53.781057, 63.272132","16.717060, 71.589991",Failed
B7086,Stork,"46.912061, 23.210637","11.567267, -4.952773",Failed
B7089,Stork,"37.831896, 30.053591","18.186751, 32.715632",Successful
B7099,Stork,"53.955229, 15.733459","12.109623, -12.439855",Failed
B7106,Stork,"41.350567, 38.810810","20.515971, 30.503712",Successful
B7108,Stork,"53.831136, 10.458628","21.564725, 32.995209",Successful
B7112,Stork,"47.878272, 9.664170","10.941194, 1.512891",Failed
B7122,Stork,"42.458750, 69.084758","25.068533, 78.401915",Failed
B7126,Stork,"35.574580, 35.421951","13.716715, 31.108008",Failed
B7129,Stork,"52.295811, 2.103000","12.140663, 0.283147",Failed
B7134,Stork,"40.135565, 24.234434","12.723925, 30.380315",Successful
B7135,Stork,"47.806937, -0.402519","14.475917, 83.472113",Failed
B7151,Stork,"40.753304, 40.630547","-0.929947, 37.204927",Failed
B7164,Stork,"48.032624, 12.051510","11.331957, 30.169676",Successful
B7165,Stork,"36.725103, 5.073640","13.683815, 4.954854",Failed
B7169,Stork,"53.293910, -0.743130","14.637512, -6.246686",Successful
B7181,Stork,"43.263682, 25.386269","1.225844, 36.501380",Successful
B7185,Stork,"45.984810, 15.379825","20.961264, 30.853065",Successful
B7189,Stork,"47.081278, 7.008055","8.511568, 2.545066",Successful
B7192,Stork,"46.570115, 35.826952","12.558278, 32.298276",Successful
B7197,Stork,"49.791402, 3.896992","-16.336105, 28.301430",Failed
B7203,Stork,"45.187232, 15.574373","-4.669997, 35.892709",Successful
B7206,Stork,"47.251913, 34.702195","4.545147, 33.356759",Successful
B7208,Stork,"41.897406, 68.311945","-0.213173, 39.643190",Failed
B7211,Stork,"44.218408, 67.353781","12.765502, 70.269378",Failed
B7215,Stork,"47.511428, 42.986972","2.441713, 26.970953",Successful
B7227,Stork,"53.520112, 76.064958","11.037662, 76.477960",Successful
B7235,Stork,"49.522016, 0.040637","14.796586, 3.224839",Successful
B7236,Stork,"49.977280, 35.225774","-4.931241, 24.138803",Failed
B7256,Stork,"45.846017, 32.132649","-3.887374, 31.959766",Failed
B7268,Stork,"36.089262, 0.688907","-18.558687, 23.047869",Failed
B7276,Stork,"48.880764, 32.216773","15.560791, 31.950729",Successful
B7277,Stork,"36.069675, -5.527913","11.856937, 0.969692",Failed
B7280,Stork,"40.261673, 58.307271","10.207062, 81.578704",Failed
B7287,Stork,"39.638258, 31.079301","19.794730, 73.952244",Successful
B7300,Stork,"42.904827, 40.317314","-2.559590, 39.548515",Failed
B7305,Stork,"49.567135, 42.778136","13.416305, 31.111044",Successful
B7306,Stork,"49.395516, 77.295943","-3.236814, 14.205500",Failed
B7314,Stork,"49.729661, 18.988595","9.544635, -6.776643",Failed
B7318,Stork,"45.176657, 34.827178","3.775620, 37.191979",Successful
B7335,Stork,"40.342446, 33.701022","-20.697587, 30.168567",Failed
B7343,Stork,"35.053734, 5.242422","-17.297556, 28.263476",Successful
B7351,Stork,"52.473935, 6.471475","-29.894641, 27.188809",Failed
B7355,Stork,"51.825299, -0.217431","0.237972, 24.802191",Successful
B7362,Stork,"47.864272, -0.634218","-16.706208, 23.158372",Successful
B7363,Stork,"40.692041, 26.440415","8.690505, 3.122899",Successful
B7367,Stork,"45.342743, 42.644004","15.112085, -11.549109",Successful
B7387,Stork,"52.623313, 18.534613","10.753065, 3.899680",Failed
B7412,Stork,"44.199557, 58.455495","12.264669, 70.498829",Failed
B7415,Stork,"47.733495, 16.737197","12.398416, 30.676609",Failed
B7417,Stork,"43.168252, 44.229179","-2.114731, 27.172623",Successful
B7421,Stork,"46.853300, 27.834565","16.545056, 32.160065",Failed
B7425,Stork,"43.226476, 39.987562","1.860431, 39.819135",Successful
B7430,Stork,"47.857192, 7.585536","9.368953, -9.014715",Failed
B7436,Stork,"50.333184, 0.400540","16.359066, 32.820720",Failed
B7444,Stork,"53.331402, 16.413550","9.309557, -14.596092",Failed
B7481,Stork,"47.355751, 25.856827","17.782448, 81.283495",Successful
B7487,Stork,"45.819720, 35.192312","10.102281, 30.814453",Successful
B7493,Stork,"46.869210, 21.889354","9.351630, 81.526711",Failed
B7494,Stork,"50.288520, 18.709822","9.213484, -4.784228",Failed
B7499,Stork,"49.518848, 55.756109","9.372159, 73.128647",Successful
B7502,Stork,"40.703882, 30.564874","-1.345702, 34.807146",Successful
B7506,Stork,"49.402923, 26.070697","4.546919, 15.603225",Successful
B7508,Stork,"54.500310, 20.397120","1.419699, 14.562537",Failed
B7512,Stork,"53.730760, 17.853112","10.549353, -7.700839",Successful
B7516,Stork,"40.250084, 70.618287","-29.451088, 22.393488",Failed
B7522,Stork,"36.138441, 34.364843","15.550952, 32.945141",Successful
B7524,Stork,"49.842113, 36.245118","-2.632489, 39.747283",Failed
B7526,Stork,"54.818269, 6.798566","-0.111747, 39.915397",Failed
B7530,Stork,"53.361626, -0.617619","13.666656, 3.468690",Successful
B7545,Stork,"42.834030, 33.041141","0.117233, 21.611622",Failed
B7556,Stork,"49.285302, 23.679959","-3.989427, 11.000584",Failed
B7559,Stork,"47.356461, 23.909779","21.173598, 30.661783",Failed
B7566,Stork,"36.505131, 34.780058","-2.222370, 28.951155",Successful
B7567,Stork,"45.224733, 20.757019","8.888963, 1.618710",Failed
B7569,Stork,"45.662602, 1.865594","8.805982, -7.734238",Successful
B7581,Stork,"53.405175, 24.656481","-0.403479, 15.491982",Successful
B7583,Stork,"37.588153, 36.681425","15.503888, 70.643136",Successful
B7589,Stork,"52.014259, 8.675649","4.155963, 23.645448",Successful
B7596,Stork,"42.026965, 30.177783","14.600738, 31.380651",Failed
B7607,Stork,"45.690284, 27.970329","16.857434, 76.676319",Successful
B7610,Stork,"46.157904, 2.961974","14.427845, 1.199464",Failed
B7614,Stork,"32.031414, -7.719408","-15.262997, 27.746728",Successful
B7622,Stork,"54.357180, 2.433348","13.416766, 31.284996",Failed
B7642,Stork,"42.637165, 35.044066","-3.335477, 37.988796",Successful
B7646,Stork,"53.692812, 21.619448","-2.892588, 24.479218",Failed
B7647,Stork,"47.134459, 27.812962","-2.930843, 12.408685",Failed
B7648,Stork,"42.045356, 56.460800","20.638056, 80.067465",Failed
B7657,Stork,"35.233400, 35.231169","15.661474, -2.758179",Successful
B7669,Stork,"45.017992, -2.015568","-1.150748, 39.896200",Failed
B7671,Stork,"53.012412, 77.026005","3.649671, 36.283584",Successful
B7718,Stork,"51.048168, -3.671102","14.567447, -1.287031",Successful
B7731,Stork,"42.317597, 57.546492","8.452046, 72.701242",Successful
B7737,Stork,"48.221872, 20.731197","9.615583, 76.727371",Successful
B7744,Stork,"38.080095, 36.615066","-0.418635, 39.812352",Successful
B7751,Stork,"45.553989, 9.749591","0.931397, 17.927724",Successful
B7756,Stork,"31.527245, 9.828558","15.813109, -13.619612",Successful
B7757,Stork,"37.192167, 37.378062","19.619831, 32.070893",Successful
B7760,Stork,"46.187201, 70.545278","14.798099, 86.302207",Failed
B7769,Stork,"44.226765, 28.368543","19.021434, 30.222189",Successful
B7778,Stork,"48.955521, 27.617608","-2.537344, 37.710485",Successful
B7780,Stork,"43.876134, 28.906477","2.663142, 10.500074",Successful
B7782,Stork,"40.940931, 32.384107","16.095018, 32.929065",Failed
B7785,Stork,"43.358939, 75.895442","16.000898, 85.411445",Successful
B7799,Stork,"39.904609, 38.861321","22.558754, 81.803380",Failed
B7815,Stork,"33.057978, 6.046539","10.686667, 4.618284",Failed
B7827,Stork,"47.221276, 23.281865","0.519789, 10.243061",Successful
B7828,Stork,"37.482938, 9.597054","2.672793, 36.658319",Failed
B7839,Stork,"44.875250, 56.449784","16.365585, 79.042733",Failed
B7848,Stork,"50.760852, 14.384550","8.536432, -3.163891",Failed
B7850,Stork,"48.571949, 2.479988","-23.899613, 26.573390",Failed
B7860,Stork,"40.120031, 43.599582","2.080771, 34.849347",Failed
B7869,Stork,"39.789967, 36.744307","21.747820, 31.273694",Failed
B7870,Stork,"41.849132, 41.918909","12.400956, 30.965211",Failed
B7886,Stork,"51.640536, -0.801093","15.872980, -1.504779",Successful
B7890,Stork,"52.411501, 9.650112","-16.428719, 24.581410",Failed
B7908,Stork,"47.539558, 20.470442","14.624377, -5.206039",Successful
B7923,Stork,"54.409161, 19.834651","9.581822, 0.306314",Failed
B7939,Stork,"54.576980, 14.554197","11.574111, 2.231393",Failed
B7944,Stork,"50.882214, 20.904047","16.477330, 73.265068",Successful
B7945,Stork,"47.860475, 59.467300","-0.191081, 36.930006",Successful
B7947,Stork,"48.557503, 16.234935","12.055404, -9.753802",Successful
B7963,Stork,"37.204821, 32.781883","5.163862, 36.918048",Failed
B7964,Stork,"46.249441, 39.174872","-4.926756, 35.902561",Successful
B7972,Stork,"41.727751, 30.900553","-4.548582, 13.382296",Successful
B7976,Stork,"54.875900, 14.993594","13.520407, -1.708345",Successful
B7977,Stork,"41.453122, 33.407350","14.801452, 0.335737",Successful
B7981,Stork,"41.407044, 30.205529","20.944889, 32.658079",Successful
B7989,Stork,"40.538412, 65.873870","23.604205, 85.777651",Failed
B7990,Stork,"35.844174, -9.670669","8.902784, -2.913171",Failed
B7996,Stork,"51.105504, 20.530876","8.421062, -6.294455",Failed
B7999,Stork,"39.349280, 32.381350","-4.661057, 36.726021",Failed
B8007,Stork,"49.323037, 3.201144","14.605123, 32.921329",Successful
B8009,Stork,"41.759570, 37.255212","0.414151, 39.986959",Failed
B8013,Stork,"37.027197, 34.616900","3.768733, 19.398079",Failed
B8019,Stork,"49.722224, 19.475619","13.516472, -12.934072",Failed
B8030,Stork,"42.649016, 33.238191","-4.289737, 31.558542",Successful
B8032,Stork,"46.351547, -4.727899","8.222125, 2.543224",Successful
B8033,Stork,"54.903185, 68.869479","15.130212, 86.231478",Successful
B8035,Stork,"36.440774, 0.919767","15.700795, 0.930072",Successful
B8042,Stork,"48.073054, 1.210983","-20.606971, 27.650221",Successful
B8046,Stork,"47.982256, 35.145330","-0.371327, 34.118471",Failed
B8048,Stork,"54.483438, -0.381989","0.489567, 24.441298",Successful
B8052,Stork,"53.651003, 12.060859","-2.401020, 20.043772",Successful
B8059,Stork,"42.372500, 27.034964","11.816534, 32.117892",Successful
B8061,Stork,"45.838343, 27.065180","-1.831515, 18.001403",Successful
B8069,Stork,"51.934331, 17.597652","0.516404, 21.080704",Failed
B8084,Stork,"39.446475, 32.453223","27.773825, 73.025811",Successful
B8088,Stork,"50.036930, 7.287375","13.117789, 30.561573",Failed
B8099,Stork,"46.858508, 20.456313","19.694258, 30.612595",Successful
B8104,Stork,"40.563166, 60.531628","18.196082, 81.701119",Successful
B8109,Stork,"42.370168, 41.769261","14.486045, 2.738474",Failed
B8112,Stork,"36.323091, 38.161172","5.439074, 32.297956",Successful
B8118,Stork,"45.633573, 8.800928","13.192730, -14.408845",Failed
B8119,Stork,"53.549658, 13.154969","15.593838, -2.533084",Failed
B8128,Stork,"53.797859, 15.777270","21.258401, 30.038314",Failed
B8137,Stork,"49.996120, 2.436135","3.092725, 20.503971",Failed
B8140,Stork,"36.401425, -5.897700","13.178573, -14.497056",Successful
B8142,Stork,"47.414065, -4.107760","13.626776, -0.866812",Successful
B8146,Stork,"48.584864, 41.551724","13.431254, -3.202762",Successful
B8159,Stork,"47.101463, 35.725070","-22.646471, 24.240385",Failed
B8168,Stork,"49.700889, 17.828055","12.448476, 32.453881",Successful
B8170,Stork,"44.030948, 33.942779","-26.334478, 24.582385",Failed
B8176,Stork,"48.418072, 23.379370","19.969954, 30.670283",Failed
B8178,Stork,"42.349807, 20.170965","3.952480, 12.032824",Successful
B8182,Stork,"54.954178, 19.679391","-3.910387, 23.182234",Successful
B8183,Stork,"44.419882, 35.658130","-19.118851, 29.782229",Failed
B8193,Stork,"45.726127, 20.032214","9.093596, -4.747075",Successful
B8195,Stork,"49.699240, 12.116290","17.659191, 31.352140",Failed
B8196,Stork,"41.788993, 44.207819","-4.501725, 11.293960",Failed
B8208,Stork,"39.385664, 36.698580","14.572909, 31.389762",Failed
B8211,Stork,"39.649886, 38.274547","17.103308, 32.987912",Failed
B8213,Stork,"36.691055, 32.384882","13.775922, 85.206426",Successful
B8218,Stork,"41.907905, 40.842440","17.997688, 31.166666",Successful
B8222,Stork,"54.011230, 1.334454","-28.859107, 30.866500",Successful
B8223,Stork,"51.862556, 3.049181","8.178529, 89.447640",Successful
B8232,Stork,"46.888813, 37.533632","6.246288, 39.329344",Successful
B8240,Stork,"36.625486, 32.921174","15.866994, 32.848953",Failed
B8249,Stork,"49.175580, 24.208781","13.870163, -7.865014",Failed
B8254,Stork,"47.994862, 25.374323","-3.545175, 31.623954",Failed
B8259,Stork,"47.358029, 32.153444","-0.654504, 31.952308",Successful
B8270,Stork,"41.403856, 32.562998","10.064554, 30.899054",Successful
B8278,Stork,"43.818204, 40.974247","6.080568, 34.080263",Successful
B8291,Stork,"48.768784, 67.640801","22.328978, 74.102576",Successful
B8296,Stork,"45.380132, 24.754220","0.790600, 33.444125",Failed
B8297,Stork,"40.153711, 35.131777","-19.587841, 29.455564",Failed
B8308,Stork,"47.383799, 44.981766","18.238908, 31.264278",Successful
B8320,Stork,"51.696627, 12.099910","11.624587, 2.169461",Failed
B8326,Stork,"51.443586, 24.714213","12.563120, 77.531496",Failed
B8330,Stork,"39.753501, 31.132742","2.067238, 33.767874",Failed
B8331,Stork,"54.294273, 21.590138","11.243563, -13.356538",Failed
B8332,Stork,"31.827108, -0.960013","-28.017264, 28.188080",Successful
B8334,Stork,"46.320662, 2.267281","15.531573, -0.845282",Failed
B8337,Stork,"47.625430, -2.909041","5.150723, 37.058316",Failed
B8347,Stork,"54.313547, -3.246401","15.530022, -13.686553",Successful
B8350,Stork,"43.070516, 23.255981","19.859546, 30.967655",Successful
B8351,Stork,"48.302655, -2.112975","11.637720, -7.186795",Failed
B8358,Stork,"45.629337, 38.150968","-0.904771, 39.273336",Successful
B8366,Stork,"35.833499, 38.443055","13.226311, 30.159705",Successful
B8368,Stork,"49.123376, 15.508514","21.012023, 77.814579",Failed
B8372,Stork,"46.799732, 3.494047","8.330813, -10.235233",Successful
B8388,Stork,"48.635769, 19.989290","18.279257, 31.819118",Successful
B8392,Stork,"43.621695, 37.637512","14.534603, 30.878180",Failed
B8396,Stork,"54.246670, 13.002207","16.819854, 30.763223",Successful
B8403,Stork,"43.926219, 42.819039","18.789636, 31.735841",Failed
B8405,Stork,"33.164450, 3.418641","10.977774, -1.706790",Successful
B8409,Stork,"50.254304, 6.131877","11.208178, -9.573017",Failed
B8423,Stork,"50.010825, 23.661184","-3.056407, 15.425968",Failed
B8425,Stork,"44.288909, 23.021125","21.758092, 31.909912",Failed
B8432,Stork,"35.993639, 31.265942","9.847260, 34.381354",Failed
B8439,Stork,"44.379304, 34.479286","12.998853, 31.038176",Failed
B8449,Stork,"45.453973, 30.067511","10.397875, 32.984393",Successful
B8454,Stork,"47.648844, 22.030650","10.846177, -10.508655",Successful
B8459,Stork,"53.672302, 62.716315","-20.530129, 23.786254",Failed
B8472,Stork,"49.939807, 43.593313","-4.880408, 33.931527",Successful
B8492,Stork,"48.549505, 30.746284","-2.724413, 24.099011",Successful
B8495,Stork,"47.161150, 39.212462","-3.551963, 29.319045",Successful
B8497,Stork,"53.302917, -3.857963","15.647044, -13.789712",Failed
B8499,Stork,"49.758617, 4.276402","-4.418888, 18.505129",Failed
B8501,Stork,"32.827304, 5.081703","-24.896158, 28.138108",Failed
B8505,Stork,"48.087408, 12.869801","12.304838, -5.145021",Successful
B8515,Stork,"46.458296, 10.419729","12.416829, -7.239303",Failed
B8517,Stork,"43.300614, 27.040881","10.390388, -7.370010",Failed
B8524,Stork,"42.509361, 42.012410","13.500864, 76.858831",Successful
B8525,Stork,"51.390303, 13.791007","11.433180, -11.969659",Successful
B8532,Stork,"46.608952, 40.575292","13.676981, 32.740497",Failed
B8540,Stork,"45.362754, 2.693863","13.110737, -6.122067",Successful
B8546,Stork,"43.120342, 43.106211","-1.387467, 35.914211",Failed
B8547,Stork,"38.378368, 36.607329","-1.938092, 32.483048",Failed
B8549,Stork,"48.922790, 78.372919","11.219814, 80.928562",Successful
B8565,Stork,"45.853378, 32.546559","-23.201343, 22.758477",Failed
B8579,Stork,"50.301197, 17.887739","8.696651, 33.923420",Successful
B8587,Stork,"51.434231, 16.824648","3.667946, 35.798117",Failed
B8596,Stork,"32.915334, 3.148010","10.991258, -10.973864",Failed
B8599,Stork,"45.256376, 5.887195","13.338981, 31.571333",Successful
B8606,Stork,"39.837690, 39.418205","21.465344, 31.626253",Successful
B8611,Stork,"46.343287, 4.757223","-2.735163, 38.836905",Successful
B8616,Stork,"46.000590, 8.568310","27.235926, 73.237066",Successful
B8619,Stork,"42.255876, 79.020556","15.586553, 85.134989",Successful
B8625,Stork,"49.152288, 12.179609","14.844595, -7.741577",Successful
B8638,Stork,"36.664200, 5.960490","12.023532, -1.997779",Successful
B8639,Stork,"48.561944, 16.475577","8.418276, -9.956793",Failed
B8665,Stork,"45.121592, 13.947565","-24.161772, 22.482038",Failed
B8670,Stork,"48.526372, 41.242630","-1.909950, 39.595578",Successful
B8679,Stork,"42.178213, 23.825567","-25.947219, 21.457330",Failed
B8681,Stork,"36.281873, 34.504041","19.393615, 32.826896",Failed
B8690,Stork,"41.557141, 25.578685","19.001168, 31.732319",Successful
B8704,Stork,"46.140238, 10.460556","15.118242, -14.598792",Successful
B8712,Stork,"45.668797, 71.775179","10.985094, 72.747651",Successful
B8715,Stork,"51.949070, -0.098048","15.492292, -12.255544",Successful
B8720,Stork,"52.295419, 1.913556","2.487730, 37.828033",Failed
B8734,Stork,"48.544116, 41.869358","14.835415, -9.069130",Failed
B8737,Stork,"48.276770, 15.431478","-2.061130, 37.551957",Successful
B8740,Stork,"35.162229, 4.707725","12.951400, -0.470868",Failed
B8745,Stork,"47.286307, 16.390072","8.811465, -3.609757",Failed
B8746,Stork,"45.796753, 7.663616","15.483443, -9.763860",Successful
B8748,Stork,"47.593658, 6.580741","18.949665, 32.710604",Successful
B8761,Stork,"46.234868, 31.759362","0.204297, 28.087965",Failed
B8773,Stork,"46.865301, 42.382055","4.898262, 38.548469",Successful
B8790,Stork,"52.932693, 19.412316","9.997870, 37.180433",Failed
B8801,Stork,"41.079628, 30.192984","2.616306, 21.509493",Successful
B8803,Stork,"40.036811, 69.516334","26.743211, 89.167705",Failed
B8804,Stork,"45.031495, 57.334911","15.737570, 70.222232",Failed
B8805,Stork,"45.642209, 68.969864","12.164643, 71.350209",Successful
B8809,Stork,"46.166065, 23.506278","3.320830, 39.878257",Failed
B8811,Stork,"45.685230, 41.000600","21.627464, 31.414518",Successful
B8825,Stork,"49.071797, 33.794144","4.496354, 30.551330",Failed
B8828,Stork,"47.787513, 22.096687","12.284766, -8.447799",Failed
B8830,Stork,"49.486441, 77.062796","15.568665, 30.605872",Failed
B8833,Stork,"44.393002, 20.267737","-1.294722, 24.535408",Failed
B8863,Stork,"49.140816, 44.556314","-0.369516, 38.169317",Successful
B8871,Stork,"48.158815, 15.151169","14.511563, 3.052087",Failed
B8886,Stork,"37.522752, 9.284157","10.302770, -9.035468",Failed
B8890,Stork,"41.037554, 27.204859","-23.128019, 24.797728",Failed
B8892,Stork,"50.279943, 23.099339","13.605261, 0.075637",Failed
B8917,Stork,"45.783894, 9.642230","9.207371, -0.872058",Failed
B8923,Stork,"35.018510, 3.592914","8.765845, -5.775143",Successful
B8927,Stork,"33.307272, 8.636814","14.620926, -5.511320",Successful
B8946,Stork,"45.286354, 41.600407","-0.059893, 33.576432",Failed
B8965,Stork,"51.591604, -3.479423","-2.723863, 28.673445",Failed
B8967,Stork,"37.622818, 30.378337","-0.843170, 31.211525",Failed
B8968,Stork,"40.738648, 56.732765","3.001187, 18.209379",Successful
B8973,Stork,"49.099220, -4.462558","11.419459, 32.295844",Successful
B8979,Stork,"54.553873, 23.813599","10.680286, -3.070950",Successful
B8984,Stork,"48.318987, 29.694030","12.588220, -9.121443",Failed
B8988,Stork,"48.315023, 24.237014","-18.255915, 22.399162",Failed
B8995,Stork,"47.160349, 59.977618","12.493526, 31.449489",Successful
B9014,Stork,"47.815366, 22.980834","22.970559, 83.385470",Successful
B9016,Stork,"41.794077, 26.778240","18.168274, 30.887651",Failed
B9019,Stork,"54.466209, -0.284996","13.029914, -1.197035",Successful
B9021,Stork,"42.854935, 70.206000","16.372018, 75.189938",Failed
B9025,Stork,"48.836945, 32.392551","11.384224, -12.461973",Successful
B9041,Stork,"48.483368, 13.073617","0.416368, 32.975554",Successful
B9042,Stork,"44.337806, 21.403412","-3.883768, 36.835715",Successful
B9051,Stork,"54.454907, 55.850059","-3.452906, 38.632502",Successful
B9061,Stork,"51.318482, -0.767010","1.808992, 22.931016",Failed
B9066,Stork,"41.916945, 76.594815","17.678129, 30.039517",Successful
B9072,Stork,"52.959010, 11.046424","-22.558286, 26.339165",Successful
B9075,Stork,"40.971491, 32.059752","14.785347, 30.057292",Successful
B9083,Stork,"49.267611, 39.134954","19.328549, 30.452744",Failed
B9093,Stork,"30.265135, 5.768588","18.987559, 31.125065",Successful
B9094,Stork,"46.105242, 39.572532","-2.626947, 32.731531",Failed
B9105,Stork,"54.202933, 56.017954","11.668141, 71.433120",Successful
B9123,Stork,"41.153185, 35.267589","-0.788318, 13.313409",Successful
B9137,Stork,"47.169513, 37.152067","-2.319093, 31.353274",Failed
B9147,Stork,"43.807378, 39.925182","3.099400, 37.917978",Failed
B9159,Stork,"49.892104, 3.616018","14.718031, -3.734605",Failed
B9169,Stork,"36.143979, 37.008582","-0.671148, 31.547492",Successful
B9178,Stork,"44.437247, 44.820916","6.485266, 34.209905",Failed
B9182,Stork,"49.236672, 14.858032","-18.094073, 28.454705",Failed
B9190,Stork,"47.636835, 42.557791","-2.431047, 30.791558",Failed
B9191,Stork,"48.502248, 8.200917","12.261640, -0.848344",Successful
B9204,Stork,"54.218974, 13.080780","1.120756, 33.298556",Failed
B9215,Stork,"32.055536, -5.323994","-0.721033, 18.743071",Successful
B9222,Stork,"50.184597, -2.075551","10.650495, -2.511354",Failed
B9246,Stork,"47.694277, 28.800552","0.304868, 30.270639",Failed
B9261,Stork,"54.799430, 19.796333","15.061041, -6.754513",Successful
B9272,Stork,"47.979310, 24.276855","2.056576, 39.092033",Failed
B9283,Stork,"49.115658, 6.238650","10.464571, -8.838758",Successful
B9300,Stork,"40.669556, 41.674026","17.917881, 82.252065",Failed
B9301,Stork,"50.358915, 20.665931","14.019122, -5.724256",Successful
B9308,Stork,"49.992333, 15.686280","15.669417, 2.062006",Successful
B9312,Stork,"45.551691, -2.216732","15.710555, -6.219974",Successful
B9313,Stork,"36.142883, 38.148864","4.935481, 35.864921",Failed
B9341,Stork,"37.319836, 38.924747","-23.649327, 23.277541",Successful
B9351,Stork,"46.137784, 23.619562","10.948699, -10.859563",Successful
B9354,Stork,"54.175213, 9.003900","13.868568, -11.853798",Failed
B9364,Stork,"36.498170, 36.710620","-3.098513, 10.079775",Failed
B9369,Stork,"38.032319, 38.021960","10.343961, 30.753961",Failed
B9383,Stork,"45.155608, -4.268723","14.738518, 31.942834",Failed
B9390,Stork,"42.619141, 39.136845","-20.245435, 31.278412",Failed
B9415,Stork,"52.127182, 7.935039","9.934743, -11.510912",Failed
B9421,Stork,"40.021540, 74.978536","0.821613, 32.221424",Successful
B9432,Stork,"31.518450, -0.919017","14.074869, 3.618683",Successful
B9437,Stork,"37.236014, 4.837823","1.233256, 24.359289",Successful
B9439,Stork,"46.960090, 24.456494","7.103325, 30.127562",Failed
B9447,Stork,"47.994802, 36.493494","21.303175, 31.831549",Failed
B9450,Stork,"44.585626, 22.735565","-22.412665, 23.273102",Failed
B9455,Stork,"52.372364, 5.634008","-0.173011, 16.893699",Failed
B9466,Stork,"46.378110, 9.585947","2.949447, 22.566797",Successful
B9470,Stork,"50.280948, 15.050050","17.594542, 32.371187",Failed
B9488,Stork,"40.548804, 62.700809","18.503121, 83.673975",Successful
B9493,Stork,"41.356009, 40.905070","8.757098, 32.743088",Failed
B9531,Stork,"45.528766, 14.127938","10.892811, 31.080087",Failed
B9539,Stork,"49.627100, 23.421856","12.973437, -12.099470",Successful
B9542,Stork,"46.055709, 41.658152","20.695112, 31.931643",Failed
B9551,Stork,"49.725168, 34.450007","-2.081411, 15.235613",Failed
B9556,Stork,"52.052787, 6.064340","15.689959, 2.650448",Successful
B9564,Stork,"47.428110, 77.732105","8.035724, 89.881335",Successful
B9571,Stork,"41.561107, 23.938058","-18.588011, 26.784123",Failed
B9592,Stork,"48.651903, 22.418576","8.250870, -9.874372",Successful
B9595,Stork,"50.958653, 2.716235","10.833283, 1.636427",Failed
B9613,Stork,"37.404791, -8.171096","8.881149, 0.458955",Failed
B9623,Stork,"54.481768, 58.596787","-2.931006, 18.370912",Successful
B9626,Stork,"48.565613, 24.326316","9.944242, -11.315877",Successful
B9629,Stork,"51.265917, 14.975586","-4.177653, 21.625870",Successful
B9635,Stork,"41.130220, 36.512304","2.201231, 32.211546",Successful
B9640,Stork,"49.430515, 19.474852","-16.476681, 28.443983",Failed
B9646,Stork,"46.383167, 11.945616","-0.424812, 11.363272",Failed
B9656,Stork,"48.250538, 75.687482","23.376903, 75.165623",Failed
B9658,Stork,"46.550642, 21.148456","14.198607, 30.049881",Successful
B9667,Stork,"42.591058, 66.417485","27.485696, 78.115658",Successful
B9668,Stork,"51.125421, -3.136464","12.430028, -0.722363",Successful
B9674,Stork,"50.580950, 24.422607","17.256712, 32.890122",Successful
B9686,Stork,"53.475141, 6.957919","14.651516, -9.478865",Successful
B9688,Stork,"46.753425, 1.505345","9.207261, -10.626512",Successful
B9701,Stork,"46.904384, 34.894380","5.576128, 31.986709",Failed
B9704,Stork,"40.986870, 44.983450","24.669469, 84.081125",Failed
B9705,Stork,"34.101177, -3.366442","-15.402780, 26.080936",Successful
B9711,Stork,"36.173325, 30.867696","15.076637, 32.814719",Successful
B9714,Stork,"48.720610, 40.380742","-3.255668, 25.253123",Successful
B9716,Stork,"41.946690, 41.392165","-2.616833, 13.339949",Failed
B9722,Stork,"49.798958, 41.429366","1.563148, 33.853786",Successful
B9725,Stork,"50.580164, 2.184752","9.070278, -14.075611",Successful
B9726,Stork,"49.229895, 60.492736","-4.925242, 36.610738",Failed
B9736,Stork,"53.944633, 9.113659","12.901667, 4.049805",Successful
B9738,Stork,"42.699765, 23.136313","4.609599, 12.960803",Failed
B9739,Stork,"48.217885, 5.749190","10.966163, -6.040517",Failed
B9744,Stork,"50.159957, 58.692558","20.062508, 89.198552",Successful
B9746,Stork,"34.134523, 0.867730","8.091489, 0.779345",Successful
B9750,Stork,"54.467125, 21.097717","9.563352, -11.184966",Successful
B9755,Stork,"51.482824, 23.203475","0.914710, 18.257615",Failed
B9758,Stork,"45.286818, 27.786153","13.251625, 31.990035",Failed
B9759,Stork,"41.517380, 30.048622","-2.268410, 35.026734",Failed
B9768,Stork,"54.906733, -0.106130","20.966936, 32.712159",Failed
B9804,Stork,"46.242394, 78.585825","27.417710, 76.798830",Successful
B9806,Stork,"48.788286, 11.285053","13.637777, -3.657242",Failed
B9820,Stork,"53.350493, 12.910062","9.221063, -12.732054",Failed
B9822,Stork,"41.338804, 25.519129","20.065564, 31.796811",Failed
B9830,Stork,"40.454590, 30.893477","-4.586144, 14.405990",Successful
B9835,Stork,"54.926452, 19.545248","4.012194, 21.749335",Failed
B9846,Stork,"46.840942, 16.237618","12.164615, -10.560977",Successful
B9851,Stork,"42.795854, 67.958562","21.875944, 31.007785",Successful
B9853,Stork,"42.774393, 22.756867","-3.708975, 32.096004",Successful
B9856,Stork,"30.523579, -9.138812","9.165241, 3.345727",Failed
B9857,Stork,"40.350288, 32.904610","-0.654749, 36.222466",Successful
B9860,Stork,"39.588654, 38.626744","-1.693794, 20.639965",Successful
B9868,Stork,"41.582662, 37.688541","10.341858, 30.321901",Successful
B9872,Stork,"47.476805, 42.444527","18.617149, 30.399231",Successful
B9882,Stork,"42.241873, 37.857334","-0.775199, 32.631407",Successful
B9884,Stork,"49.067132, 30.706365","17.091816, 32.260203",Failed
B9905,Stork,"52.638603, -4.293559","-27.258084, 29.786215",Failed
B9907,Stork,"49.471120, 13.206931","7.373290, 32.977696",Failed
B9908,Stork,"38.577855, 33.234948","3.002015, 32.728182",Successful
B9914,Stork,"45.783587, 24.168735","7.614552, 31.251435",Failed
B9923,Stork,"31.725851, -8.163392","9.234422, -12.315089",Successful
B9937,Stork,"47.791761, 75.176715","-21.853815, 21.357158",Successful
B9948,Stork,"30.756724, 7.294956","4.341698, 15.544982",Failed
B9952,Stork,"44.560046, 24.802024","2.600320, 39.159221",Failed
B9958,Stork,"40.592670, 36.826263","1.500887, 36.470877",Successful
B9963,Stork,"51.462694, -4.009481","14.902008, -12.563180",Successful
B9975,Stork,"53.265185, 20.834252","11.727144, -2.389633",Successful
B9994,Stork,"49.660990, 30.214335","1.534121, 31.729921",Failed
B9997,Stork,"49.270305, 30.427775","-4.347455, 19.411732",Failed
B9998,Stork,"51.810759, 20.815764","10.853950, 2.696712",Failed
B10003,Stork,"53.272320, 0.923344","8.124350, -8.012216",Failed
B10010,Stork,"47.069711, 12.851179","10.242794, -8.715155",Failed
B10013,Stork,"34.109892, -1.019814","11.907357, 4.017625",Successful
B10021,Stork,"49.575833, 8.490662","12.607797, -12.167065",Failed
B10031,Stork,"43.396329, 38.262983","-27.592817, 24.183130",Failed
B10035,Stork,"54.536459, 65.825565","-1.223023, 10.535322",Failed
B10039,Stork,"44.382612, 39.208975","-4.504269, 21.616597",Successful
B10041,Stork,"50.638524, 22.808629","16.554837, 87.094783",Failed
B10059,Stork,"51.065106, 8.854661","10.874759, -13.445202",Failed
B10064,Stork,"54.370610, 66.691371","26.250573, 89.935394",Failed
B10065,Stork,"45.292608, 5.208997","4.133491, 36.082343",Successful
B10069,Stork,"46.758661, 17.451297","9.096553, -5.040310",Successful
B10071,Stork,"46.792517, 40.414808","-2.802172, 10.101308",Failed
B10074,Stork,"53.434463, 11.846781","12.844794, -13.593832",Failed
B10076,Stork,"40.027734, 36.443632","0.622775, 34.231616",Successful
B10091,Stork,"39.864116, 39.738427","-3.208347, 32.836324",Successful
B10110,Stork,"35.581706, -9.193244","13.494708, 4.459861",Failed
B10112,Stork,"48.159632, 33.199073","-2.897476, 38.296832",Successful
B10115,Stork,"45.936561, 30.157892","3.132482, 10.946499",Failed
B10118,Stork,"45.031374, 37.066291","-21.084951, 21.924111",Failed
B10120,Stork,"51.649011, 16.133325","-25.984207, 22.889636",Successful
B10136,Stork,"42.702352, 39.210778","9.534507, -9.478829",Successful
B10143,Stork,"49.768449, 24.923449","2.961708, 24.178248",Successful
B10145,Stork,"45.892027, 3.755831","11.983096, -14.204623",Failed
B10146,Stork,"53.258682, 9.227524","4.237655, 24.816277",Successful
B10167,Stork,"47.226426, 79.062221","-20.208198, 24.970369",Successful
B10171,Stork,"50.657994, 76.821648","12.768653, 1.361349",Failed
B10187,Stork,"41.063039, 28.347138","25.250332, 79.183872",Successful
B10194,Stork,"50.177995, 68.560361","20.301682, 88.794377",Successful
B10196,Stork,"52.596824, 69.365957","25.655015, 80.736267",Failed
B10198,Stork,"47.869158, 74.174842","9.539281, 89.358056",Failed
B10207,Stork,"42.641310, 34.274199","-3.774622, 25.236094",Successful
B10209,Stork,"46.546511, 70.956083","12.233322, 76.887511",Failed
B10212,Stork,"50.326944, 4.324006","1.815762, 26.184967",Failed
B10214,Stork,"46.416484, -4.853248","14.094995, -3.457287",Failed
B10220,Stork,"54.860002, -4.340071","8.929862, -0.896668",Failed
B10223,Stork,"48.446154, 37.539050","21.198721, 32.401204",Successful
B10237,Stork,"45.912313, 26.303403","14.044415, 31.897397",Successful
B10238,Stork,"52.838823, 15.367543","-27.636624, 23.522325",Failed
B10239,Stork,"52.797790, 21.246860","-21.724024, 22.525312",Failed
B10240,Stork,"42.879453, 21.835736","16.459985, 32.207465",Successful
B10243,Stork,"51.686202, 15.235181","-4.652053, 30.358872",Successful
B10246,Stork,"54.326576, 18.705992","2.920726, 27.920313",Successful
B10248,Stork,"46.386608, -3.874871","14.262451, -2.639359",Successful
B10265,Stork,"47.512575, 55.206263","-20.495024, 31.008565",Successful
B10269,Stork,"41.517832, 39.652952","10.716621, 31.312621",Successful
B10284,Stork,"42.891972, 64.329647","24.578771, 81.170665",Failed
B10290,Stork,"42.350346, 24.870528","3.770088, 36.845668",Successful
B10300,Stork,"36.358523, 31.136125","6.130353, 30.233368",Failed
B10302,Stork,"47.247090, 40.569060","20.961507, 30.226591",Successful
B10312,Stork,"47.101673, 31.392141","2.289049, 23.537497",Successful
B10316,Stork,"44.397915, 28.889877","1.841462, 33.900964",Failed
B10317,Stork,"45.563535, 43.577647","-21.459068, 31.140751",Failed
B10321,Stork,"44.268599, 37.641497","12.282512, 30.923655",Successful
B10345,Stork,"42.859624, 40.045735","-25.272073, 30.638494",Successful
B10346,Stork,"48.785079, 22.462785","1.504021, 32.788000",Failed
B10347,Stork,"40.993580, 44.780626","-0.235641, 35.725804",Failed
B10371,Stork,"45.064947, 1.427751","12.079476, -10.401176",Successful
B10379,Stork,"48.622780, 43.219340","16.077617, 32.868701",Successful
B10391,Stork,"51.575124, 11.535187","11.081164, 0.306724",Successful
B10393,Stork,"36.781161, 32.479516","3.961079, 19.294260",Successful
B10398,Stork,"49.276752, 65.005869","16.828756, 77.397718",Successful
B10399,Stork,"47.661345, 37.195414","17.765965, 30.744955",Failed
B10402,Stork,"49.222122, 44.424905","19.899777, 32.440778",Successful
B10410,Stork,"48.444034, 37.201440","-2.304708, 34.170114",Failed
B10420,Stork,"47.173617, 10.064614","8.145287, -6.205954",Successful
B10423,Stork,"51.318658, 13.951350","14.672391, -9.634124",Successful
B10424,Stork,"50.903246, -4.103895","8.015845, -8.186371",Failed
B10431,Stork,"48.696255, -3.006363","-17.671725, 29.415883",Failed
B10432,Stork,"48.987329, 20.000608","-2.628352, 20.604708",Successful
B10444,Stork,"46.356793, 11.249279","8.113826, -5.225002",Failed
B10449,Stork,"39.559427, 39.521160","21.425345, 32.345071",Successful
B10456,Stork,"39.461689, 30.353465","1.388993, 26.349462",Failed
B10462,Stork,"46.570535, 17.274775","-0.470588, 27.790463",Successful
B10464,Stork,"45.059025, 23.168863","13.912687, 30.709578",Successful
B10478,Stork,"34.354721, 0.546738","8.167752, -13.312505",Successful
B10480,Stork,"43.309441, 31.486430","2.356205, 38.922467",Failed
B10482,Stork,"50.165101, 5.278210","15.577835, 2.124749",Successful
B10484,Stork,"54.015005, -2.213151","11.385645, 3.310199",Successful
B10485,Stork,"40.506769, 30.655487","25.301841, 72.818979",Failed
B10492,Stork,"52.754632, 24.818213","14.068997, -10.412824",Failed
B10496,Stork,"47.664058, 25.667453","27.286499, 75.618468",Failed
B10503,Stork,"53.348907, 2.222889","9.472069, -1.442754",Successful
B10506,Stork,"44.615847, 21.729450","15.057244, 30.547722",Successful
B10510,Stork,"53.981666, 15.637317","13.093302, -11.467600",Failed
B10511,Stork,"45.751050, 4.618052","12.826521, -0.664636",Successful
B10518,Stork,"50.884936, 15.144435","12.647632, 30.736626",Successful
B10521,Stork,"53.543801, 22.392394","12.052232, 32.442713",Failed
B10527,Stork,"43.468313, 56.079045","23.219226, 70.286026",Successful
B10541,Stork,"49.219195, 24.836482","7.714683, 31.241775",Successful
B10556,Stork,"43.723882, 59.776767","1.557822, 32.300036",Failed
B10562,Stork,"46.614689, 20.220570","8.652277, -8.382935",Successful
B10566,Stork,"43.509901, 35.314969","10.755796, 30.995353",Failed
B10577,Stork,"46.507155, 1.204923","-4.185420, 30.596421",Failed
B10581,Stork,"46.078966, 39.158979","-18.659356, 28.106956",Successful
B10587,Stork,"48.200035, 24.461080","9.701859, 30.227039",Successful
B10590,Stork,"45.224734, 41.011308","3.949118, 24.153562",Successful
B10597,Stork,"53.059477, 12.598544","11.998736, -8.737575",Failed
B10605,Stork,"46.802737, 7.115515","12.053012, 31.392429",Failed
B10607,Stork,"51.351984, 5.866279","14.796269, 31.351386",Failed
B10608,Stork,"46.022132, 6.625777","11.003588, -3.229523",Successful
B10618,Stork,"43.143037, 37.868825","-0.498889, 32.262835",Failed
B10620,Stork,"47.379558, 35.045884","-2.831272, 22.132153",Failed
B10622,Stork,"38.383124, 38.119027","19.192953, 32.916627",Successful
B10630,Stork,"48.402763, 41.954537","-3.416701, 12.807351",Failed
B10647,Stork,"37.849901, 37.490846","3.665581, 39.549083",Failed
B10659,Stork,"47.069862, 1.613802","8.700915, -12.381198",Successful
B10664,Stork,"41.915298, 58.948919","-24.810402, 25.410260",Failed
B10679,Stork,"45.015195, 5.370222","14.415789, 30.157561",Failed
B10682,Stork,"52.924543, 73.218020","22.268152, 71.984343",Successful
B10687,Stork,"34.310059, 8.986941","8.044212, 0.301513",Failed
B10706,Stork,"48.051837, 10.250804","19.078446, 31.614001",Successful
B10714,Stork,"46.498184, -2.614485","14.724423, 83.704641",Successful
B10722,Stork,"41.404979, 34.469757","-2.188932, 36.640115",Successful
B10726,Stork,"40.075145, 59.179294","16.641465, 80.022558",Failed
B10742,Stork,"42.302091, 78.685152","1.669656, 38.535079",Successful
B10756,Stork,"48.699306, 27.660886","-16.237668, 24.141970",Failed
B10760,Stork,"48.605708, 2.589665","10.378270, -9.256445",Successful
B10775,Stork,"53.161215, 17.012825","10.775093, -10.648693",Failed
B10785,Stork,"38.278801, 39.595387","20.141140, 32.139659",Failed
B10791,Stork,"45.391604, -4.102818","14.598414, 74.305339",Successful
B10798,Stork,"40.039997, 33.295057","-4.195773, 11.357595",Failed
B10805,Stork,"40.224345, 25.434359","7.530874, 30.885343",Failed
B10811,Stork,"39.873698, 38.712705","11.957286, 82.588375",Failed
B10812,Stork,"52.000117, 2.945844","-2.066241, 36.803425",Successful
B10830,Stork,"38.505620, 35.560132","-2.940905, 36.598957",Failed
B10839,Stork,"45.037016, 28.045833","-25.661029, 25.794245",Successful
B10867,Stork,"40.022237, 30.480233","23.900986, 71.839555",Failed
B10881,Stork,"53.649596, 9.342405","0.667753, 16.098371",Successful
B10882,Stork,"46.217755, 69.581882","19.467645, 89.913663",Successful
B10892,Stork,"53.557560, 9.033855","13.042270, -3.984413",Failed
B10909,Stork,"47.208513, 14.863006","-1.790185, 24.091277",Failed
B10910,Stork,"46.218278, 15.384300","15.326782, 74.176388",Failed
B10917,Stork,"46.711240, 25.939631","-3.680369, 36.610133",Failed
B10931,Stork,"54.948700, 14.783993","-23.901883, 25.557568",Failed
B10947,Stork,"46.567708, 31.216551","-3.700355, 33.716443",Failed
B10950,Stork,"36.647509, 4.995002","11.059109, -13.667312",Failed
B10952,Stork,"45.507855, 23.904042","18.452748, 30.919023",Failed
B10959,Stork,"48.494581, 22.474753","-24.156167, 30.196653",Successful
B10969,Stork,"46.440011, 8.513494","-17.100663, 20.610249",Successful
B10977,Stork,"46.284628, 55.299590","-21.546505, 21.871749",Successful
B10978,Stork,"39.436913, 32.301125","0.064462, 24.731966",Successful
B10992,Stork,"50.906068, 18.129026","-0.712043, 22.926302",Failed